,Unnamed: 0,Unnamed: 0.1,Unnamed: 0.1.1,Unnamed: 0.1.1.1,Unnamed: 0.1.1.1.1,Unnamed: 0.1.1.1.1.1,t_id,user_id,t_sentiment,t_stance,t_date,t_text,hashtags
0,0,0,0,0,0,3051830,1030380899299414016,998516058158968832,neutral,remain,2018-08-17T09:08:44.000Z,"We need to #StandUp2Brexit #VoteLeaveBrokeTheLaw and the whole thing is an abominable affront on British decency and progression #StopBrexit 
There is no Brexit dividend.
Brexit is losing us money.
The Good Friday Agreement is threatened.
#StopBrexitSaveBritain
#2018BrexitStops https://t.co/UCd0CpuBWt","['2018brexitstops', 'stopbrexitsavebritain', 'stopbrexit', 'voteleavebrokethelaw', 'standup2brexit']"
1,1,1,1,1,1,3051829,1030380899299414016,998516058158968832,neutral,remain,2018-08-17T09:08:44.000Z,"We need to #StandUp2Brexit #VoteLeaveBrokeTheLaw and the whole thing is an abominable affront on British decency and progression #StopBrexit 
There is no Brexit dividend.
Brexit is losing us money.
The Good Friday Agreement is threatened.
#StopBrexitSaveBritain
#2018BrexitStops https://t.co/UCd0CpuBWt","['2018brexitstops', 'stopbrexitsavebritain', 'stopbrexit', 'voteleavebrokethelaw', 'standup2brexit']"
2,2,2,2,2,2,3051848,1030381012096876544,998516058158968832,neutral,remain,2018-08-17T09:09:11.000Z,"We need to #StandUp2Brexit #VoteLeaveBrokeTheLaw and the whole thing is an abominable affront on British decency and progression #StopBrexit 
There is no Brexit dividend.
Brexit is losing us money.
The Good Friday Agreement is threatened.
#StopBrexitSaveBritain
#2018BrexitStops https://t.co/yzipgy4MUu","['2018brexitstops', 'stopbrexitsavebritain', 'stopbrexit', 'voteleavebrokethelaw', 'standup2brexit']"
3,3,3,3,3,3,3051847,1030381012096876544,998516058158968832,neutral,remain,2018-08-17T09:09:11.000Z,"We need to #StandUp2Brexit #VoteLeaveBrokeTheLaw and the whole thing is an abominable affront on British decency and progression #StopBrexit 
There is no Brexit dividend.
Brexit is losing us money.
The Good Friday Agreement is threatened.
#StopBrexitSaveBritain
#2018BrexitStops https://t.co/yzipgy4MUu","['2018brexitstops', 'stopbrexitsavebritain', 'stopbrexit', 'voteleavebrokethelaw', 'standup2brexit']"
4,4,4,4,4,4,4696970,1048981777660952576,376158038,neutral,remain,2018-10-07T17:01:59.000Z,"@Andywilds1 @sunick51 @Kitchy65 @MarkInNorthWest @fthpices @JamessReality @NYtitanic1999 @chorlton1973 @JamesNNorm @LapisLazuli4402 @Nealb2010 @EmilTschepp @jon_mumford1982 @jetjag100 @brianbloop @Ruadhri @tolethorpe @srcoxlive @blueunicornmoon @noneedforgreed @LeeDavidAdams2 @David_Vaporium @PostTruthPaul @Ciolfilicious1 @nicko00127 @mac_puck @leweisnlied @brexit_politics @itsapointofview @Roblev0 @NickStevenson63 @hamster_hami @MartinRemains @Jim_Cornelius @forster_keith @JohnRod76512584 @Davidmetroland @ticketsjaved @jeremythomas212 @susanstanwix @PJA1066 @petuniasforever @commer2stroke @fccologne4eva @thejoyofnext @BILDERBERG_GP @pdc690 @f505eb72b9cd493 @talata7 @xtremedoda Nope. It wasn't fair because #VoteLeaveBrokeTheLaw , because a whole load of lies were told, and because #5million were denied a vote.","['5million', 'voteleavebrokethelaw']"
5,5,5,5,5,5,4696971,1048981777660952576,376158038,neutral,remain,2018-10-07T17:01:59.000Z,"@Andywilds1 @sunick51 @Kitchy65 @MarkInNorthWest @fthpices @JamessReality @NYtitanic1999 @chorlton1973 @JamesNNorm @LapisLazuli4402 @Nealb2010 @EmilTschepp @jon_mumford1982 @jetjag100 @brianbloop @Ruadhri @tolethorpe @srcoxlive @blueunicornmoon @noneedforgreed @LeeDavidAdams2 @David_Vaporium @PostTruthPaul @Ciolfilicious1 @nicko00127 @mac_puck @leweisnlied @brexit_politics @itsapointofview @Roblev0 @NickStevenson63 @hamster_hami @MartinRemains @Jim_Cornelius @forster_keith @JohnRod76512584 @Davidmetroland @ticketsjaved @jeremythomas212 @susanstanwix @PJA1066 @petuniasforever @commer2stroke @fccologne4eva @thejoyofnext @BILDERBERG_GP @pdc690 @f505eb72b9cd493 @talata7 @xtremedoda Nope. It wasn't fair because #VoteLeaveBrokeTheLaw , because a whole load of lies were told, and because #5million were denied a vote.","['5million', 'voteleavebrokethelaw']"
6,6,6,6,6,6,3412168,1034831210772668416,619050408,positive,other,2018-08-29T15:52:41.000Z,Legal case argument on the impact of #VoteLeaveBroketheLaw on triggering #A50 and #Brexit Thread. https://t.co/UidlipzEXC,"['a50', 'brexit', 'voteleavebrokethelaw']"
7,7,7,7,7,7,3412167,1034831210772668416,619050408,positive,other,2018-08-29T15:52:41.000Z,Legal case argument on the impact of #VoteLeaveBroketheLaw on triggering #A50 and #Brexit Thread. https://t.co/UidlipzEXC,"['a50', 'brexit', 'voteleavebrokethelaw']"
8,8,8,8,8,8,2169448,1019614021559910400,7110062,positive,other,2018-07-18T16:05:00.000Z,This petition had grown at an extremely fast rate in last 24 hours ..Clearly much public concern over issue #brexit #A50 #VoteLeave #VoteLeaveBrokeTheLaw  https://t.co/i5T2LqcUP5,"['a50', 'voteleave', 'voteleavebrokethelaw', 'brexit']"
9,9,9,9,9,9,2169449,1019614021559910400,7110062,positive,other,2018-07-18T16:05:00.000Z,This petition had grown at an extremely fast rate in last 24 hours ..Clearly much public concern over issue #brexit #A50 #VoteLeave #VoteLeaveBrokeTheLaw  https://t.co/i5T2LqcUP5,"['a50', 'voteleave', 'voteleavebrokethelaw', 'brexit']"
10,10,10,10,10,10,2108008,1019203662177034240,450587351,negative,remain,2018-07-17T12:54:23.000Z,"Smiley face and a thumbs up for global warming. 
Actually...impending disaster leading to potentially irreversible damage with only sharks gaining ground is a pretty apt metaphor for Ross and the rest of the self-obsessed Brexiteer brigade. #VoteLeaveBrokeTheLaw #Aberdeen #Brexit https://t.co/QggqHVfhd2","['aberdeen', 'brexit', 'voteleavebrokethelaw']"
11,11,11,11,11,11,2108007,1019203662177034240,450587351,negative,remain,2018-07-17T12:54:23.000Z,"Smiley face and a thumbs up for global warming. 
Actually...impending disaster leading to potentially irreversible damage with only sharks gaining ground is a pretty apt metaphor for Ross and the rest of the self-obsessed Brexiteer brigade. #VoteLeaveBrokeTheLaw #Aberdeen #Brexit https://t.co/QggqHVfhd2","['aberdeen', 'brexit', 'voteleavebrokethelaw']"
12,12,12,12,12,12,3908620,1041423415289241600,4264297743,negative,leave,2018-09-16T20:27:45.000Z,"@hilarybennmp And if they called out the criminal referendum we'd get one! But if you don't, we won't. #VoteLeaveBrokeTheLaw Check out @JolyonMaugham 
#ABTV last GE got called a vote for Brexit. It wasn't. #WontGetFooledAgain https://t.co/tjCY0c5nvj","['abtv', 'wontgetfooledagain', 'voteleavebrokethelaw']"
13,13,13,13,13,13,3908621,1041423415289241600,4264297743,negative,leave,2018-09-16T20:27:45.000Z,"@hilarybennmp And if they called out the criminal referendum we'd get one! But if you don't, we won't. #VoteLeaveBrokeTheLaw Check out @JolyonMaugham 
#ABTV last GE got called a vote for Brexit. It wasn't. #WontGetFooledAgain https://t.co/tjCY0c5nvj","['abtv', 'wontgetfooledagain', 'voteleavebrokethelaw']"
14,14,14,14,14,14,1620366,1014918770035515392,746985479992709120,neutral,remain,2018-07-05T17:07:45.000Z,UK companies prepare EU bases in the lead-up to Brexit https://t.co/66I8t5e3up #StopBrexit #FBPE #NHS #VoteLeaveBrokeTheLaw #VoteLeaveCheated #voteleavecheated #FBPE #BrexitBroacastingCorporation #brexitmadness #action4expats #TonyBlair #HouseOfCommons #HouseOfLords,"['action4expats', 'voteleavecheated', 'brexitmadness', 'brexitbroacastingcorporation', 'tonyblair', 'voteleavecheated', 'stopbrexit', 'nhs', 'houseofcommons', 'fbpe', 'voteleavebrokethelaw', 'houseoflords']"
15,15,15,15,15,15,1620365,1014918770035515392,746985479992709120,neutral,remain,2018-07-05T17:07:45.000Z,UK companies prepare EU bases in the lead-up to Brexit https://t.co/66I8t5e3up #StopBrexit #FBPE #NHS #VoteLeaveBrokeTheLaw #VoteLeaveCheated #voteleavecheated #FBPE #BrexitBroacastingCorporation #brexitmadness #action4expats #TonyBlair #HouseOfCommons #HouseOfLords,"['action4expats', 'voteleavecheated', 'brexitmadness', 'brexitbroacastingcorporation', 'tonyblair', 'voteleavecheated', 'stopbrexit', 'nhs', 'houseofcommons', 'fbpe', 'voteleavebrokethelaw', 'houseoflords']"
16,16,16,16,16,16,2144681,1019485921144659968,747349420983754752,negative,remain,2018-07-18T07:35:59.000Z,"@BorisJohnson Oh really you wonker 

#VoteLeaveBrokeTheLaw
 #LeaveEUBrokeTheLaw 
#BeLeaveBrokeTheLaw 
#FaceBookBrokeTheLaw 
#CA 
#AIQ 
#SCL 
#DarkMoney 
#DUP 
#RussiaInterfered 

There is NO mandate for Brexit. Enough of the ü¶Ñü¶Ñü¶Ñü¶Ñü¶Ñüí©","['aiq', 'beleavebrokethelaw', 'voteleavebrokethelaw', 'darkmoney', 'russiainterfered', 'leaveeubrokethelaw', 'scl', 'dup', 'ca', 'facebookbrokethelaw']"
17,17,17,17,17,17,2144680,1019485921144659968,747349420983754752,negative,remain,2018-07-18T07:35:59.000Z,"@BorisJohnson Oh really you wonker 

#VoteLeaveBrokeTheLaw
 #LeaveEUBrokeTheLaw 
#BeLeaveBrokeTheLaw 
#FaceBookBrokeTheLaw 
#CA 
#AIQ 
#SCL 
#DarkMoney 
#DUP 
#RussiaInterfered 

There is NO mandate for Brexit. Enough of the ü¶Ñü¶Ñü¶Ñü¶Ñü¶Ñüí©","['aiq', 'beleavebrokethelaw', 'voteleavebrokethelaw', 'darkmoney', 'russiainterfered', 'leaveeubrokethelaw', 'scl', 'dup', 'ca', 'facebookbrokethelaw']"
18,18,18,18,18,18,3200714,1032260488707665920,1018872136906215424,negative,other,2018-08-22T13:37:33.000Z,"And why is there no criminal investigation into the referendum rigging scandal in the UK?

#Brexit  
#VoteLeaveBrokeTheLaw 
#banbannon 
#ArrestFarage https://t.co/BkgQXpAVkJ","['arrestfarage', 'brexit', 'voteleavebrokethelaw', 'banbannon']"
19,19,19,19,19,19,3200715,1032260488707665920,1018872136906215424,negative,other,2018-08-22T13:37:33.000Z,"And why is there no criminal investigation into the referendum rigging scandal in the UK?

#Brexit  
#VoteLeaveBrokeTheLaw 
#banbannon 
#ArrestFarage https://t.co/BkgQXpAVkJ","['arrestfarage', 'brexit', 'voteleavebrokethelaw', 'banbannon']"
20,20,20,20,20,20,2543837,1023562616013287424,596300757,negative,other,2018-07-29T13:35:19.000Z,Arron Banks may have used foreign money to fund Leave campaign | #voteleavebrokethelaw Vote Leave broke the law #brexit #brexitshambles #arronbanks https://t.co/pq3H4A96XT via @MailOnline,"['arronbanks', 'voteleavebrokethelaw', 'brexitshambles', 'brexit']"
21,21,21,21,21,21,2543838,1023562616013287424,596300757,negative,other,2018-07-29T13:35:19.000Z,Arron Banks may have used foreign money to fund Leave campaign | #voteleavebrokethelaw Vote Leave broke the law #brexit #brexitshambles #arronbanks https://t.co/pq3H4A96XT via @MailOnline,"['arronbanks', 'voteleavebrokethelaw', 'brexitshambles', 'brexit']"
22,22,22,22,22,22,3296106,1033273867287056384,69558002,negative,other,2018-08-25T08:44:21.000Z,@BBCRADIOKENT @isaby @BrexitCentral @JasonJHunter @JoJohnsonUK listen up. My letters warned of #Brexit danger 2 our lives. But you send me GOV lies as response. This is a trade expert. I sent you legal opinions on #Art50 &amp; data about #VoteLeaveBrokeTheLaw. You still insist on catastrophic path! It's misconduct in public office,"['art50', 'brexit', 'voteleavebrokethelaw']"
23,23,23,23,23,23,3296107,1033273867287056384,69558002,negative,other,2018-08-25T08:44:21.000Z,@BBCRADIOKENT @isaby @BrexitCentral @JasonJHunter @JoJohnsonUK listen up. My letters warned of #Brexit danger 2 our lives. But you send me GOV lies as response. This is a trade expert. I sent you legal opinions on #Art50 &amp; data about #VoteLeaveBrokeTheLaw. You still insist on catastrophic path! It's misconduct in public office,"['art50', 'brexit', 'voteleavebrokethelaw']"
24,24,24,24,24,24,3610815,1037491822921240576,2388160516,neutral,remain,2018-09-06T00:05:00.000Z,"Woop!! On August 1st they said there was no chance, now they're going to debate rescinding #Article50 as #VoteLeaveBrokeTheLaw. I'm feeling hopeful ü§ûüòÅ

#Brexit #BrexitShambles #BrexitReality https://t.co/ewQK1eUpok","['article50', 'brexit', 'brexitreality', 'voteleavebrokethelaw', 'brexitshambles']"
25,25,25,25,25,25,3610814,1037491822921240576,2388160516,neutral,remain,2018-09-06T00:05:00.000Z,"Woop!! On August 1st they said there was no chance, now they're going to debate rescinding #Article50 as #VoteLeaveBrokeTheLaw. I'm feeling hopeful ü§ûüòÅ

#Brexit #BrexitShambles #BrexitReality https://t.co/ewQK1eUpok","['article50', 'brexit', 'brexitreality', 'voteleavebrokethelaw', 'brexitshambles']"
26,26,26,26,26,26,2103527,1019185898062319616,319619581,positive,remain,2018-07-17T11:43:48.000Z,"@Sime0nStylites Agreed. As far as I can see it looks as though by October #Brexit will be in gridlocked situation.

So, four options:

1. A General Election #GE2018
2. A #PeoplesVote
3. Extend #Article50
4. Withdraw #Article50

#StopBrexitSaveDemocracy
#VoteLeaveBrokeTheLaw","['article50', 'brexit', 'peoplesvote', 'voteleavebrokethelaw', 'stopbrexitsavedemocracy', 'ge2018']"
27,27,27,27,27,27,2103526,1019185898062319616,319619581,positive,remain,2018-07-17T11:43:48.000Z,"@Sime0nStylites Agreed. As far as I can see it looks as though by October #Brexit will be in gridlocked situation.

So, four options:

1. A General Election #GE2018
2. A #PeoplesVote
3. Extend #Article50
4. Withdraw #Article50

#StopBrexitSaveDemocracy
#VoteLeaveBrokeTheLaw","['article50', 'brexit', 'peoplesvote', 'voteleavebrokethelaw', 'stopbrexitsavedemocracy', 'ge2018']"
28,28,28,28,28,28,2302551,1021121104717451264,299183606,neutral,remain,2018-07-22T19:53:37.000Z,"But why ""extend #Article50""? 
 #VoteLeaveBrokeTheLaw so the #ADVISORY #EUref is utterly null, absolutely void and positively hideous! 

Prosecute #Leave and cancel #Brexit before it ****s (Johnson, 2018) #UK good and proper! https://t.co/TSDOmtMDl0","['article50""?', 'brexit', 'leave', 'voteleavebrokethelaw', 'advisory', 'uk', 'euref']"
29,29,29,29,29,29,2302552,1021121104717451264,299183606,neutral,remain,2018-07-22T19:53:37.000Z,"But why ""extend #Article50""? 
 #VoteLeaveBrokeTheLaw so the #ADVISORY #EUref is utterly null, absolutely void and positively hideous! 

Prosecute #Leave and cancel #Brexit before it ****s (Johnson, 2018) #UK good and proper! https://t.co/TSDOmtMDl0","['article50""?', 'brexit', 'leave', 'voteleavebrokethelaw', 'advisory', 'uk', 'euref']"
30,30,30,30,30,30,3034566,1030090194446438400,745933423966044160,positive,remain,2018-08-16T13:53:35.000Z,"@ScotlandTonight #VoteLeaveBrokeTheLaw #DarkMoneyDavidson
#BrexitShambles 
#banorangewalks

Should British Tory MPs from Scotland be recalled for voting against their constituents' wishes on Brexit?","['banorangewalks', 'darkmoneydavidson', 'voteleavebrokethelaw', 'brexitshambles']"
31,31,31,31,31,31,3034567,1030090194446438400,745933423966044160,positive,remain,2018-08-16T13:53:35.000Z,"@ScotlandTonight #VoteLeaveBrokeTheLaw #DarkMoneyDavidson
#BrexitShambles 
#banorangewalks

Should British Tory MPs from Scotland be recalled for voting against their constituents' wishes on Brexit?","['banorangewalks', 'darkmoneydavidson', 'voteleavebrokethelaw', 'brexitshambles']"
32,32,32,32,32,32,4380573,1045403211035811840,917515137577373696,positive,other,2018-09-27T20:02:02.000Z,"The land of #brexit, where the moon is made of cheese, and we all live in marzipan houses #bbc great sketch #VoteLeaveBrokeTheLaw #VoteLeaveLied ‚Å¶@The3Million‚Å©  https://t.co/Yo8T7q7JTe","['bbc', 'voteleavelied', 'voteleavebrokethelaw', 'brexit']"
33,33,33,33,33,33,4380572,1045403211035811840,917515137577373696,positive,other,2018-09-27T20:02:02.000Z,"The land of #brexit, where the moon is made of cheese, and we all live in marzipan houses #bbc great sketch #VoteLeaveBrokeTheLaw #VoteLeaveLied ‚Å¶@The3Million‚Å©  https://t.co/Yo8T7q7JTe","['bbc', 'voteleavelied', 'voteleavebrokethelaw', 'brexit']"
34,34,34,34,34,34,1911958,1017432050008195072,353022633,negative,other,2018-07-12T15:34:38.000Z,"But @BBCQuestionTime want ""useless sack of crap"" Piers Morgan on #bbcqt tonight: they don't want award-winning investigative journalist @carolecadwalla: now why is that?

Because the @BBC is keeping quiet about the #VoteLeaveBrokeTheLaw scandal, that's why.

#BBCBias #Brexit https://t.co/qKLxa9m8gD","['bbcbias', 'brexit', 'bbcqt', 'voteleavebrokethelaw']"
35,35,35,35,35,35,1911959,1017432050008195072,353022633,negative,other,2018-07-12T15:34:38.000Z,"But @BBCQuestionTime want ""useless sack of crap"" Piers Morgan on #bbcqt tonight: they don't want award-winning investigative journalist @carolecadwalla: now why is that?

Because the @BBC is keeping quiet about the #VoteLeaveBrokeTheLaw scandal, that's why.

#BBCBias #Brexit https://t.co/qKLxa9m8gD","['bbcbias', 'brexit', 'bbcqt', 'voteleavebrokethelaw']"
36,36,36,36,36,36,2541244,1023545135169249280,531723906,negative,other,2018-07-29T12:25:51.000Z,#BBCBias This HUGE: Everyone should read this to understand why the BBC is failing the country along with our politicians right now. It explains the virtual blackout of #VoteLeaveBrokeTheLaw and today's #dcms report. @carolecadwalla @Channel4News @brexit_sham https://t.co/6Pill14J7D,"['bbcbias', 'dcms', 'voteleavebrokethelaw']"
37,37,37,37,37,37,2541245,1023545135169249280,531723906,negative,other,2018-07-29T12:25:51.000Z,#BBCBias This HUGE: Everyone should read this to understand why the BBC is failing the country along with our politicians right now. It explains the virtual blackout of #VoteLeaveBrokeTheLaw and today's #dcms report. @carolecadwalla @Channel4News @brexit_sham https://t.co/6Pill14J7D,"['bbcbias', 'dcms', 'voteleavebrokethelaw']"
38,38,38,38,38,38,2512798,1023148815698853888,319619581,positive,remain,2018-07-28T10:11:01.000Z,"I see @BBCNews are covering the @DCMS report on social media dark Ads, the #EUReferendum #CambridgeAnalytica on a Saturday morning. üôÑ

They've still not conceded that #VoteLeaveBrokeTheLaw üôÑ

#BBCNews is still clearly protecting the result of the 2016 #EURef

#Brexit #FBPE","['bbcnews', 'eureferendum', 'brexit', 'euref', 'fbpe', 'voteleavebrokethelaw', 'cambridgeanalytica']"
39,39,39,39,39,39,2512799,1023148815698853888,319619581,positive,remain,2018-07-28T10:11:01.000Z,"I see @BBCNews are covering the @DCMS report on social media dark Ads, the #EUReferendum #CambridgeAnalytica on a Saturday morning. üôÑ

They've still not conceded that #VoteLeaveBrokeTheLaw üôÑ

#BBCNews is still clearly protecting the result of the 2016 #EURef

#Brexit #FBPE","['bbcnews', 'eureferendum', 'brexit', 'euref', 'fbpe', 'voteleavebrokethelaw', 'cambridgeanalytica']"
40,40,40,40,40,40,1962065,1017806365157478400,21096782,neutral,other,2018-07-13T16:22:02.000Z,If Brexit was the 'Petri dish' for interference in Trumps election then it can only be a matter of time until #VoteLeaveBrokeTheLaw comes home to roost in the UK. Meanwhile #BBCNews pull your finger out and start covering the Vote Leave story. Are Trump/Brexit  legitimate? https://t.co/CwIaUxe1Hw,"['bbcnews', 'voteleavebrokethelaw']"
41,41,41,41,41,41,1962066,1017806365157478400,21096782,neutral,other,2018-07-13T16:22:02.000Z,If Brexit was the 'Petri dish' for interference in Trumps election then it can only be a matter of time until #VoteLeaveBrokeTheLaw comes home to roost in the UK. Meanwhile #BBCNews pull your finger out and start covering the Vote Leave story. Are Trump/Brexit  legitimate? https://t.co/CwIaUxe1Hw,"['bbcnews', 'voteleavebrokethelaw']"
42,42,42,42,42,42,2533963,1023370098264956928,15046794,positive,other,2018-07-29T00:50:19.000Z,"This is fair I mean maybe the ¬£625k actually went on lonely hearts ads in the Weston Super Mare Chronicle, rather than targeted Facebook ads, *who knows*? #Brexit #BBCNewsnight #VoteLeaveBrokeTheLaw https://t.co/2rniDXIw7j","['bbcnewsnight', 'brexit', 'voteleavebrokethelaw']"
43,43,43,43,43,43,2533964,1023370098264956928,15046794,positive,other,2018-07-29T00:50:19.000Z,"This is fair I mean maybe the ¬£625k actually went on lonely hearts ads in the Weston Super Mare Chronicle, rather than targeted Facebook ads, *who knows*? #Brexit #BBCNewsnight #VoteLeaveBrokeTheLaw https://t.co/2rniDXIw7j","['bbcnewsnight', 'brexit', 'voteleavebrokethelaw']"
44,44,44,44,44,44,4067073,1042895459008880640,372805464,neutral,other,2018-09-20T21:57:08.000Z,"""Respect #Democracy"" is the new #WillOfthePeople - Everyone ignoring #VoteLeaveBrokeTheLaw &amp; LIED through their teeth about #Brexit being ""land of Milk &amp; Honey""  #bbcqt https://t.co/W5LQanJFa0","['bbcqt', 'brexit', 'willofthepeople', 'voteleavebrokethelaw', 'democracy']"
45,45,45,45,45,45,4067074,1042895459008880640,372805464,neutral,other,2018-09-20T21:57:08.000Z,"""Respect #Democracy"" is the new #WillOfthePeople - Everyone ignoring #VoteLeaveBrokeTheLaw &amp; LIED through their teeth about #Brexit being ""land of Milk &amp; Honey""  #bbcqt https://t.co/W5LQanJFa0","['bbcqt', 'brexit', 'willofthepeople', 'voteleavebrokethelaw', 'democracy']"
46,46,46,46,46,46,4068036,1042899305374384128,968829907986976768,negative,remain,2018-09-20T22:12:25.000Z,We didn‚Äôt have the truth we were hoodwinked and lied to. #VoteLeaveBrokeTheLaw. The #Brexit people voted for isn‚Äôt deliverable. Bring on #GeneralElectionNOW or #PeoplesVote #BBCQT,"['bbcqt', 'generalelectionnow', 'brexit', 'peoplesvote', 'voteleavebrokethelaw']"
47,47,47,47,47,47,4068037,1042899305374384128,968829907986976768,negative,remain,2018-09-20T22:12:25.000Z,We didn‚Äôt have the truth we were hoodwinked and lied to. #VoteLeaveBrokeTheLaw. The #Brexit people voted for isn‚Äôt deliverable. Bring on #GeneralElectionNOW or #PeoplesVote #BBCQT,"['bbcqt', 'generalelectionnow', 'brexit', 'peoplesvote', 'voteleavebrokethelaw']"
48,48,48,48,48,48,2709425,1025268615082336256,302237917,negative,other,2018-08-03T06:34:21.000Z,"@Jacob_Rees_Mogg Ah, Brexit Central,  the organisation names as an alias the criminal #Beleave  . #VoteLeaveBrokeTheLaw","['beleave', 'voteleavebrokethelaw']"
49,49,49,49,49,49,2709426,1025268615082336256,302237917,negative,other,2018-08-03T06:34:21.000Z,"@Jacob_Rees_Mogg Ah, Brexit Central,  the organisation names as an alias the criminal #Beleave  . #VoteLeaveBrokeTheLaw","['beleave', 'voteleavebrokethelaw']"
50,50,50,50,50,50,4628236,1047884194674872320,746985479992709120,neutral,remain,2018-10-04T16:20:35.000Z,Hedge funds' purchase of Brexit vote polling data under scrutiny https://t.co/Whtl6IoSmw #bestfotbritain #StopBrexit #BrexitCoup #VoteLeaveBrokeTheLaw #FBPE #PeoplesVote #GinaMiller #Libdems #TomWatson #Labour #FFS #OFOC #endthechaos,"['bestfotbritain', 'brexitcoup', 'tomwatson', 'ginamiller', 'libdems', 'peoplesvote', 'endthechaos', 'ffs', 'stopbrexit', 'fbpe', 'voteleavebrokethelaw', 'labour', 'ofoc']"
51,51,51,51,51,51,4628235,1047884194674872320,746985479992709120,neutral,remain,2018-10-04T16:20:35.000Z,Hedge funds' purchase of Brexit vote polling data under scrutiny https://t.co/Whtl6IoSmw #bestfotbritain #StopBrexit #BrexitCoup #VoteLeaveBrokeTheLaw #FBPE #PeoplesVote #GinaMiller #Libdems #TomWatson #Labour #FFS #OFOC #endthechaos,"['bestfotbritain', 'brexitcoup', 'tomwatson', 'ginamiller', 'libdems', 'peoplesvote', 'endthechaos', 'ffs', 'stopbrexit', 'fbpe', 'voteleavebrokethelaw', 'labour', 'ofoc']"
52,52,52,52,52,52,2830119,1026879870381506560,988050983031885824,neutral,remain,2018-08-07T17:16:54.000Z,"1. [THREAD]

Brexit CAN be declared VOID!!!

Here's how üëá

#FBPE #WATON #FBR #StopBrexit #VoteLeaveBrokeTheLaw #PeoplesVote #FinalSay #BlueWave #resist #TheResistance @abcpoppins @acgrayling @Lawyers4EU @LPrivileged @Anna_Soubry @Andrew_Adonis @LordRennard","['bluewave', 'waton', 'finalsay', 'peoplesvote', 'stopbrexit', 'fbpe', 'voteleavebrokethelaw', 'fbr', 'theresistance', 'resist']"
53,53,53,53,53,53,2830118,1026879870381506560,988050983031885824,neutral,remain,2018-08-07T17:16:54.000Z,"1. [THREAD]

Brexit CAN be declared VOID!!!

Here's how üëá

#FBPE #WATON #FBR #StopBrexit #VoteLeaveBrokeTheLaw #PeoplesVote #FinalSay #BlueWave #resist #TheResistance @abcpoppins @acgrayling @Lawyers4EU @LPrivileged @Anna_Soubry @Andrew_Adonis @LordRennard","['bluewave', 'waton', 'finalsay', 'peoplesvote', 'stopbrexit', 'fbpe', 'voteleavebrokethelaw', 'fbr', 'theresistance', 'resist']"
54,54,54,54,54,54,1699478,1015709311253860352,70423163,positive,remain,2018-07-07T21:29:05.000Z,An Unpolished Turd says the Brexit deal is a polished turd. #boris #borisclangers #bojo #BrexitShambles #peoplesvote #brextremists #VoteLeaveBrokeTheLaw #VoteLeaveCheated,"['bojo', 'borisclangers', 'peoplesvote', 'voteleavecheated', 'boris', 'voteleavebrokethelaw', 'brextremists', 'brexitshambles']"
55,55,55,55,55,55,1699479,1015709311253860352,70423163,positive,remain,2018-07-07T21:29:05.000Z,An Unpolished Turd says the Brexit deal is a polished turd. #boris #borisclangers #bojo #BrexitShambles #peoplesvote #brextremists #VoteLeaveBrokeTheLaw #VoteLeaveCheated,"['bojo', 'borisclangers', 'peoplesvote', 'voteleavecheated', 'boris', 'voteleavebrokethelaw', 'brextremists', 'brexitshambles']"
56,56,56,56,56,56,1821281,1016683893410402304,726807296,negative,remain,2018-07-10T14:01:43.000Z,"Sorry really sorry to laugh!
It's true #Brexit under @theresa_may and #BOJO is and still is, A TERRIBLE JOKE.
#VoteLeaveBrokeTheLaw
#voteLabour https://t.co/tCEqfo6Zjr","['bojo', 'brexit', 'voteleavebrokethelaw', 'votelabour']"
57,57,57,57,57,57,1821280,1016683893410402304,726807296,negative,remain,2018-07-10T14:01:43.000Z,"Sorry really sorry to laugh!
It's true #Brexit under @theresa_may and #BOJO is and still is, A TERRIBLE JOKE.
#VoteLeaveBrokeTheLaw
#voteLabour https://t.co/tCEqfo6Zjr","['bojo', 'brexit', 'voteleavebrokethelaw', 'votelabour']"
58,58,58,58,58,58,2896227,1027854362297737216,3322754518,neutral,remain,2018-08-10T09:49:11.000Z,"@its_johnmartin Yeah let's stop looking at the shiny objects put out to destract that's the Steve Bannon playbook. Just remember. #VoteLeaveBrokeTheLaw.!!!
#PeoplesVote
#FBPE
#Brexit
#FinalSayForAll
#FinalSay
#STOPBREXIT
#BBCswitchoff
#BorisIsACunt https://t.co/DBhsrVRAL8","['borisisacunt', 'finalsay', 'brexit', 'peoplesvote', 'stopbrexit', 'finalsayforall', 'fbpe', 'voteleavebrokethelaw', 'bbcswitchoff']"
59,59,59,59,59,59,2896228,1027854362297737216,3322754518,neutral,remain,2018-08-10T09:49:11.000Z,"@its_johnmartin Yeah let's stop looking at the shiny objects put out to destract that's the Steve Bannon playbook. Just remember. #VoteLeaveBrokeTheLaw.!!!
#PeoplesVote
#FBPE
#Brexit
#FinalSayForAll
#FinalSay
#STOPBREXIT
#BBCswitchoff
#BorisIsACunt https://t.co/DBhsrVRAL8","['borisisacunt', 'finalsay', 'brexit', 'peoplesvote', 'stopbrexit', 'finalsayforall', 'fbpe', 'voteleavebrokethelaw', 'bbcswitchoff']"
60,60,60,60,60,60,1712745,1015902208041373696,711945679,neutral,other,2018-07-08T10:15:35.000Z,"@Andrew_Adonis Here's a thing, Mr A. Remember this #VoteLeaveBrokeTheLaw poster?
We're going to have all those Turkish people post #Brexit anyway.
Leavers gotta have their Primark gear!  : https://t.co/goeqggqtX9 ‚Ä¶ #BorisJohnson #BrexitMeansBrexit https://t.co/Ek5NWX00fb","['borisjohnson', 'brexit', 'brexitmeansbrexit', 'voteleavebrokethelaw']"
61,61,61,61,61,61,1712746,1015902208041373696,711945679,neutral,other,2018-07-08T10:15:35.000Z,"@Andrew_Adonis Here's a thing, Mr A. Remember this #VoteLeaveBrokeTheLaw poster?
We're going to have all those Turkish people post #Brexit anyway.
Leavers gotta have their Primark gear!  : https://t.co/goeqggqtX9 ‚Ä¶ #BorisJohnson #BrexitMeansBrexit https://t.co/Ek5NWX00fb","['borisjohnson', 'brexit', 'brexitmeansbrexit', 'voteleavebrokethelaw']"
62,62,62,62,62,62,2164109,1019585157899128832,221310328,negative,remain,2018-07-18T14:10:19.000Z,#BorisJohnson is talking about the #Brexit they fought for. Surely means the #Brexit they lied &amp; broke the law for #voteleavebrokethelaw #FBPE,"['borisjohnson', 'brexit', 'voteleavebrokethelaw', 'fbpe']"
63,63,63,63,63,63,2164110,1019585157899128832,221310328,negative,remain,2018-07-18T14:10:19.000Z,#BorisJohnson is talking about the #Brexit they fought for. Surely means the #Brexit they lied &amp; broke the law for #voteleavebrokethelaw #FBPE,"['borisjohnson', 'brexit', 'voteleavebrokethelaw', 'fbpe']"
64,64,64,64,64,64,1727326,1016041408875126784,715911790799032320,neutral,other,2018-07-08T19:28:43.000Z,Essential reading #VoteLeaveBrokeTheLaw #BorisJohnson #MichaelGove  #Brexit #Democracy https://t.co/qloGXxEQJk,"['borisjohnson', 'democracy', 'brexit', 'michaelgove', 'voteleavebrokethelaw']"
65,65,65,65,65,65,1727325,1016041408875126784,715911790799032320,neutral,other,2018-07-08T19:28:43.000Z,Essential reading #VoteLeaveBrokeTheLaw #BorisJohnson #MichaelGove  #Brexit #Democracy https://t.co/qloGXxEQJk,"['borisjohnson', 'democracy', 'brexit', 'michaelgove', 'voteleavebrokethelaw']"
66,66,66,66,66,66,2125903,1019294324620578816,384533439,positive,leave,2018-07-17T18:54:39.000Z,"This was the #BorisJohnson tweet in March - Observer/C4 story utterly ludicrous, #VoteLeave won fair &amp; square - and legally. We are leaving the EU in a year and going global #TakeBackControl #GlobalBritain - 

Now what eh #VoteLeaveBrokeTheLaw #BrexitChaos #Brexit https://t.co/csxpsWhjrJ","['borisjohnson', 'voteleave', 'brexit', 'brexitchaos', 'globalbritain', 'voteleavebrokethelaw', 'takebackcontrol']"
67,67,67,67,67,67,2125904,1019294324620578816,384533439,positive,leave,2018-07-17T18:54:39.000Z,"This was the #BorisJohnson tweet in March - Observer/C4 story utterly ludicrous, #VoteLeave won fair &amp; square - and legally. We are leaving the EU in a year and going global #TakeBackControl #GlobalBritain - 

Now what eh #VoteLeaveBrokeTheLaw #BrexitChaos #Brexit https://t.co/csxpsWhjrJ","['borisjohnson', 'voteleave', 'brexit', 'brexitchaos', 'globalbritain', 'voteleavebrokethelaw', 'takebackcontrol']"
68,68,68,68,68,68,2127940,1019306207524327424,1006192687660371968,negative,remain,2018-07-17T19:41:52.000Z,Meanwhile at vote leave headquarters... #Brexit #StopBrexit #FBPE #PeoplesVote #breakingthelaw #VoteLeaveBrokeTheLaw #VoteLeaveCriminals https://t.co/GuyVEztf1g,"['breakingthelaw', 'brexit', 'peoplesvote', 'stopbrexit', 'fbpe', 'voteleavebrokethelaw', 'voteleavecriminals']"
69,69,69,69,69,69,2127941,1019306207524327424,1006192687660371968,negative,remain,2018-07-17T19:41:52.000Z,Meanwhile at vote leave headquarters... #Brexit #StopBrexit #FBPE #PeoplesVote #breakingthelaw #VoteLeaveBrokeTheLaw #VoteLeaveCriminals https://t.co/GuyVEztf1g,"['breakingthelaw', 'brexit', 'peoplesvote', 'stopbrexit', 'fbpe', 'voteleavebrokethelaw', 'voteleavecriminals']"
70,70,70,70,70,70,4445742,1046107033211211776,2616990401,positive,other,2018-09-29T18:38:47.000Z,Further intrigue in the illegality of #Brexit Thank youüëáüôå‚úä#Collusion #electionfraud #VoteLeaveBrokeTheLaw #Canada #AIQ https://t.co/NqOHMCEg04,"['brexit', 'aiq', 'electionfraud', 'canada', 'voteleavebrokethelaw']"
71,71,71,71,71,71,4445743,1046107033211211776,2616990401,positive,other,2018-09-29T18:38:47.000Z,Further intrigue in the illegality of #Brexit Thank youüëáüôå‚úä#Collusion #electionfraud #VoteLeaveBrokeTheLaw #Canada #AIQ https://t.co/NqOHMCEg04,"['brexit', 'aiq', 'electionfraud', 'canada', 'voteleavebrokethelaw']"
72,72,72,72,72,72,4635556,1047962722607013888,1682610276,neutral,other,2018-10-04T21:32:37.000Z,@Nigel_Farage @MichelBarnier #Ask Barnier if he thinks the UK should go ahead with #Brexit given that #VoteLeaveBrokeTheLaw.,"['brexit', 'ask', 'voteleavebrokethelaw']"
73,73,73,73,73,73,4635555,1047962722607013888,1682610276,neutral,other,2018-10-04T21:32:37.000Z,@Nigel_Farage @MichelBarnier #Ask Barnier if he thinks the UK should go ahead with #Brexit given that #VoteLeaveBrokeTheLaw.,"['brexit', 'ask', 'voteleavebrokethelaw']"
74,74,74,74,74,74,1923767,1017537908956426240,2209504929,negative,other,2018-07-12T22:35:17.000Z,"#BBCQT when are you going to address the fact that the referendum was illegally funded and biased and therefore no longer binding (in so far as it was) 
#VoteLeaveBrokeTheLaw #Brexit https://t.co/kx3amVARq3","['brexit', 'bbcqt', 'voteleavebrokethelaw']"
75,75,75,75,75,75,4613512,1047773862002413568,353022633,negative,other,2018-10-04T09:02:10.000Z,"Remind me, @bbcquestiontime - how many times have you had the disgraced former journalist Isabel Oakeshott on #bbcqt, but declined to invite award-winning journalist @carolecadwalla?

Reasons for avoiding Carole Cadwalladr? As if I didn't know. #Brexit #VoteLeaveBrokeTheLaw https://t.co/BZ0F2ttj8v","['brexit', 'bbcqt', 'voteleavebrokethelaw']"
76,76,76,76,76,76,1923768,1017537908956426240,2209504929,negative,other,2018-07-12T22:35:17.000Z,"#BBCQT when are you going to address the fact that the referendum was illegally funded and biased and therefore no longer binding (in so far as it was) 
#VoteLeaveBrokeTheLaw #Brexit https://t.co/kx3amVARq3","['brexit', 'bbcqt', 'voteleavebrokethelaw']"
77,77,77,77,77,77,4613511,1047773862002413568,353022633,negative,other,2018-10-04T09:02:10.000Z,"Remind me, @bbcquestiontime - how many times have you had the disgraced former journalist Isabel Oakeshott on #bbcqt, but declined to invite award-winning journalist @carolecadwalla?

Reasons for avoiding Carole Cadwalladr? As if I didn't know. #Brexit #VoteLeaveBrokeTheLaw https://t.co/BZ0F2ttj8v","['brexit', 'bbcqt', 'voteleavebrokethelaw']"
78,78,78,78,78,78,2882145,1027634311179239424,18507106,negative,other,2018-08-09T19:14:46.000Z,"@BBCNews you are failing to :
1. Educate the country about the disaster of a no deal #brexit. 
2. Explain simple facts like WTO rules mean border checks 
3. Trade deals are complex take time 
4 . Hi light the fact that #VoteLeaveBrokeTheLaw #BBCswitchOff we need a #PeoplesVote","['brexit', 'bbcswitchoff', 'peoplesvote', 'voteleavebrokethelaw']"
79,79,79,79,79,79,2882146,1027634311179239424,18507106,negative,other,2018-08-09T19:14:46.000Z,"@BBCNews you are failing to :
1. Educate the country about the disaster of a no deal #brexit. 
2. Explain simple facts like WTO rules mean border checks 
3. Trade deals are complex take time 
4 . Hi light the fact that #VoteLeaveBrokeTheLaw #BBCswitchOff we need a #PeoplesVote","['brexit', 'bbcswitchoff', 'peoplesvote', 'voteleavebrokethelaw']"
80,80,80,80,80,80,2118748,1019261641005981696,2365709167,neutral,remain,2018-07-17T16:44:46.000Z,"Any comment @jeremycorbyn ??
....
Anything?
...
Jeremy?
...
Jez?
....
Hello?
...
#BrexitChaos #BrexitShambles #Brexit #VoteLeaveBrokeTheLaw #JeremyCorbyn 
https://t.co/F3j6g0vFHE","['brexit', 'brexitchaos', 'jeremycorbyn', 'voteleavebrokethelaw', 'brexitshambles']"
81,81,81,81,81,81,2118749,1019261641005981696,2365709167,neutral,remain,2018-07-17T16:44:46.000Z,"Any comment @jeremycorbyn ??
....
Anything?
...
Jeremy?
...
Jez?
....
Hello?
...
#BrexitChaos #BrexitShambles #Brexit #VoteLeaveBrokeTheLaw #JeremyCorbyn 
https://t.co/F3j6g0vFHE","['brexit', 'brexitchaos', 'jeremycorbyn', 'voteleavebrokethelaw', 'brexitshambles']"
82,82,82,82,82,82,1617873,1014899235760812032,872158753008877440,negative,remain,2018-07-05T15:50:08.000Z,"@lunaperla @daily_politics @afneil @AnnelieseDodds There absolutely has to be criminal charges if #VoteLeaveCheated and #VoteLeaveBrokeTheLaw 

#BrexitFraud #Brexit 

Cheating the election rules and breaking the UK election laws is anti-democratic and unpatriotic

Supporting cheaters also unpatriotic","['brexit', 'brexitfraud', 'voteleavecheated', 'voteleavebrokethelaw']"
83,83,83,83,83,83,1617874,1014899235760812032,872158753008877440,negative,remain,2018-07-05T15:50:08.000Z,"@lunaperla @daily_politics @afneil @AnnelieseDodds There absolutely has to be criminal charges if #VoteLeaveCheated and #VoteLeaveBrokeTheLaw 

#BrexitFraud #Brexit 

Cheating the election rules and breaking the UK election laws is anti-democratic and unpatriotic

Supporting cheaters also unpatriotic","['brexit', 'brexitfraud', 'voteleavecheated', 'voteleavebrokethelaw']"
84,84,84,84,84,84,2941232,1028598165493174272,340545072,negative,other,2018-08-12T11:04:47.000Z,@Jacob_Rees_Mogg you are a disgrace. @theresa_may @HouseofCommons @UKParliament @BBCNews @jonsnowC4  #Brexit #BrexitReality #VoteLeaveBrokeTheLaw #cambridgeanalytica #TrumpRussiaCollusion #NATO https://t.co/V04bIVQ38W,"['brexit', 'cambridgeanalytica', 'brexitreality', 'nato', 'voteleavebrokethelaw', 'trumprussiacollusion']"
85,85,85,85,85,85,2941231,1028598165493174272,340545072,negative,other,2018-08-12T11:04:47.000Z,@Jacob_Rees_Mogg you are a disgrace. @theresa_may @HouseofCommons @UKParliament @BBCNews @jonsnowC4  #Brexit #BrexitReality #VoteLeaveBrokeTheLaw #cambridgeanalytica #TrumpRussiaCollusion #NATO https://t.co/V04bIVQ38W,"['brexit', 'cambridgeanalytica', 'brexitreality', 'nato', 'voteleavebrokethelaw', 'trumprussiacollusion']"
86,86,86,86,86,86,2057776,1018899070742597632,3136555641,positive,leave,2018-07-16T16:44:03.000Z,"My thoughts on #Brexit 

Why is everyone pretending the Referendum result was legitimate.

The so called winners, who just managed to scrape a meager win, cheated.

#VoteLeaveBrokeTheLaw 
#CambridgeAnalytica

Collective.... look the other way loonacy!","['brexit', 'cambridgeanalytica', 'voteleavebrokethelaw']"
87,87,87,87,87,87,4850855,1050818510295838720,179521723,positive,other,2018-10-12T18:40:30.000Z,@BBCNewsPR @BBCNewsnight I‚Äôm amazed at the difference in presenting style between the BBC news and ITV news. You guys are the masters at pretending nothings happening #Brexit #VoteLeaveBrokeTheLaw #CambridgeAnalytica,"['brexit', 'cambridgeanalytica', 'voteleavebrokethelaw']"
88,88,88,88,88,88,4850856,1050818510295838720,179521723,positive,other,2018-10-12T18:40:30.000Z,@BBCNewsPR @BBCNewsnight I‚Äôm amazed at the difference in presenting style between the BBC news and ITV news. You guys are the masters at pretending nothings happening #Brexit #VoteLeaveBrokeTheLaw #CambridgeAnalytica,"['brexit', 'cambridgeanalytica', 'voteleavebrokethelaw']"
89,89,89,89,89,89,2057775,1018899070742597632,3136555641,positive,leave,2018-07-16T16:44:03.000Z,"My thoughts on #Brexit 

Why is everyone pretending the Referendum result was legitimate.

The so called winners, who just managed to scrape a meager win, cheated.

#VoteLeaveBrokeTheLaw 
#CambridgeAnalytica

Collective.... look the other way loonacy!","['brexit', 'cambridgeanalytica', 'voteleavebrokethelaw']"
90,90,90,90,90,90,2557468,1023680657560686592,935620788,negative,remain,2018-07-29T21:24:22.000Z,"Another smoking gun.
#Brexit is a crime scene and our Government are up to their necks in it.  Any interest @BBCNews ? Thought not.
The list gets longer...

#VoteLeaveBrokeTheLaw 
#CambridgeAnalyticaUncovered 
#StopBrexitSaveDemocracy 
#brexitbroadcastingcorporation https://t.co/Dzzye8qtf4","['brexit', 'cambridgeanalyticauncovered', 'brexitbroadcastingcorporation', 'voteleavebrokethelaw', 'stopbrexitsavedemocracy']"
91,91,91,91,91,91,2557469,1023680657560686592,935620788,negative,remain,2018-07-29T21:24:22.000Z,"Another smoking gun.
#Brexit is a crime scene and our Government are up to their necks in it.  Any interest @BBCNews ? Thought not.
The list gets longer...

#VoteLeaveBrokeTheLaw 
#CambridgeAnalyticaUncovered 
#StopBrexitSaveDemocracy 
#brexitbroadcastingcorporation https://t.co/Dzzye8qtf4","['brexit', 'cambridgeanalyticauncovered', 'brexitbroadcastingcorporation', 'voteleavebrokethelaw', 'stopbrexitsavedemocracy']"
92,92,92,92,92,92,2106404,1019196874471993344,40464152,negative,other,2018-07-17T12:27:25.000Z,"Ironic #ElectoralCommission position is #Brexit ref was ""advisory"" and thus its up to the government what happens about #VoteLeaveBrokeTheLaw .. The mendacity and hypocrisy of the Brexiters now means they will try to hide behind its advisory status!","['brexit', 'electoralcommission', 'voteleavebrokethelaw']"
93,93,93,93,93,93,2106405,1019196874471993344,40464152,negative,other,2018-07-17T12:27:25.000Z,"Ironic #ElectoralCommission position is #Brexit ref was ""advisory"" and thus its up to the government what happens about #VoteLeaveBrokeTheLaw .. The mendacity and hypocrisy of the Brexiters now means they will try to hide behind its advisory status!","['brexit', 'electoralcommission', 'voteleavebrokethelaw']"
94,94,94,94,94,94,2157442,1019545691574685696,838355126477783040,negative,other,2018-07-18T11:33:29.000Z,"@Conservatives Government:

‚ùå Members of Cabinet involved with #VoteLeaveBrokeTheLaw

‚ùå Under control of #ERG cultists

‚ùå Cuddling up #TrumpPutin

‚ùå Repeatedly lie to Parliament (#Brexit papers, Universal Credit, #NHSdividend...)

‚ùå Cheated on Pairing

#FBPE #PMQs #Brexit https://t.co/J5KV4HqCww","['brexit', 'erg', 'trumpputin', 'fbpe', 'voteleavebrokethelaw', 'nhsdividend', 'pmqs']"
95,95,95,95,95,95,2157441,1019545691574685696,838355126477783040,negative,other,2018-07-18T11:33:29.000Z,"@Conservatives Government:

‚ùå Members of Cabinet involved with #VoteLeaveBrokeTheLaw

‚ùå Under control of #ERG cultists

‚ùå Cuddling up #TrumpPutin

‚ùå Repeatedly lie to Parliament (#Brexit papers, Universal Credit, #NHSdividend...)

‚ùå Cheated on Pairing

#FBPE #PMQs #Brexit https://t.co/J5KV4HqCww","['brexit', 'erg', 'trumpputin', 'fbpe', 'voteleavebrokethelaw', 'nhsdividend', 'pmqs']"
96,96,96,96,96,96,4804002,1050363217044738048,221310328,positive,other,2018-10-11T12:31:20.000Z,"@guyverhofstadt @MichelBarnier now that politicians are blocking a police investigation into how the referendum was won, shouldn‚Äôt the EU suspend Brexit talks until the U.K. government processes article 50  lawfully &amp; constitutionally. #VoteLeaveBrokeTheLaw #FBPE #Brexit https://t.co/XlzumYy3s6","['brexit', 'fbpe', 'voteleavebrokethelaw']"
97,97,97,97,97,97,3297296,1033283444174974976,304852634,negative,remain,2018-08-25T09:22:25.000Z,"The UK was at the front of the attack on all of this, with the attempt to destroy the EU by fraudulantly misleading our population into voting for #brexit.  That is proven, the people concerned have been fined &amp; data passed to the CPS &amp; police. 4/n 
#VoteLeaveBrokeTheLaw #FBPE","['brexit', 'fbpe', 'voteleavebrokethelaw']"
98,98,98,98,98,98,2147908,1019499668148015104,221310328,neutral,other,2018-07-18T08:30:36.000Z,Theresa May would be out of power if it wasn‚Äôt for @UKLabour‚Äôs fetid four. #FBPE #Brexit #VoteLeaveBrokeTheLaw https://t.co/ibb7IC72PC,"['brexit', 'fbpe', 'voteleavebrokethelaw']"
99,99,99,99,99,99,3297295,1033283444174974976,304852634,negative,remain,2018-08-25T09:22:25.000Z,"The UK was at the front of the attack on all of this, with the attempt to destroy the EU by fraudulantly misleading our population into voting for #brexit.  That is proven, the people concerned have been fined &amp; data passed to the CPS &amp; police. 4/n 
#VoteLeaveBrokeTheLaw #FBPE","['brexit', 'fbpe', 'voteleavebrokethelaw']"
100,100,100,100,100,100,4804001,1050363217044738048,221310328,positive,other,2018-10-11T12:31:20.000Z,"@guyverhofstadt @MichelBarnier now that politicians are blocking a police investigation into how the referendum was won, shouldn‚Äôt the EU suspend Brexit talks until the U.K. government processes article 50  lawfully &amp; constitutionally. #VoteLeaveBrokeTheLaw #FBPE #Brexit https://t.co/XlzumYy3s6","['brexit', 'fbpe', 'voteleavebrokethelaw']"
101,101,101,101,101,101,2147909,1019499668148015104,221310328,neutral,other,2018-07-18T08:30:36.000Z,Theresa May would be out of power if it wasn‚Äôt for @UKLabour‚Äôs fetid four. #FBPE #Brexit #VoteLeaveBrokeTheLaw https://t.co/ibb7IC72PC,"['brexit', 'fbpe', 'voteleavebrokethelaw']"
102,102,102,102,102,102,2089775,1019137585640366080,838355126477783040,negative,other,2018-07-17T08:31:49.000Z,"If these people were directors of a company that committed financial fraud they would be accountable &amp; face prosecution.
It isn't just the organisation #VoteLeaveBrokeTheLaw it's the people who ran it. Elected MPs should be accountable. 

#FBPE #Brexit #BrexitBetrayal https://t.co/oVcoNit6Rr","['brexit', 'fbpe', 'voteleavebrokethelaw', 'brexitbetrayal']"
103,103,103,103,103,103,2089774,1019137585640366080,838355126477783040,negative,other,2018-07-17T08:31:49.000Z,"If these people were directors of a company that committed financial fraud they would be accountable &amp; face prosecution.
It isn't just the organisation #VoteLeaveBrokeTheLaw it's the people who ran it. Elected MPs should be accountable. 

#FBPE #Brexit #BrexitBetrayal https://t.co/oVcoNit6Rr","['brexit', 'fbpe', 'voteleavebrokethelaw', 'brexitbetrayal']"
104,104,104,104,104,104,3496068,1036195252611280896,3342507880,positive,leave,2018-09-02T10:12:54.000Z,"#Marr The #maybot argues that the people "" trusted their vote would count""  Did my vote count? #voteleavebrokethelaw
Another vote will not be ""a gross betrayal of our democracy"" but faith in democratic values free and fair votes. #PeoplesVote #brexit. She must uphold these first!","['brexit', 'marr', 'peoplesvote', 'maybot', 'voteleavebrokethelaw']"
105,105,105,105,105,105,3496069,1036195252611280896,3342507880,positive,leave,2018-09-02T10:12:54.000Z,"#Marr The #maybot argues that the people "" trusted their vote would count""  Did my vote count? #voteleavebrokethelaw
Another vote will not be ""a gross betrayal of our democracy"" but faith in democratic values free and fair votes. #PeoplesVote #brexit. She must uphold these first!","['brexit', 'marr', 'peoplesvote', 'maybot', 'voteleavebrokethelaw']"
106,106,106,106,106,106,1861084,1016978065401040896,18507106,neutral,other,2018-07-11T09:30:39.000Z,@DamianCollins FB exposure just the tip of the iceberg. Definitely used in the USA and model was tested on #Brexit vote. https://t.co/1rlHWTE0Ao over spent #VoteLeaveBrokeTheLaw Used #CambridgeAnalytica and #AIQ We are not Canada and need to remain at the  table #PeoplesVote,"['brexit', 'peoplesvote', 'aiq', 'voteleavebrokethelaw', 'cambridgeanalytica']"
107,107,107,107,107,107,1861085,1016978065401040896,18507106,neutral,other,2018-07-11T09:30:39.000Z,@DamianCollins FB exposure just the tip of the iceberg. Definitely used in the USA and model was tested on #Brexit vote. https://t.co/1rlHWTE0Ao over spent #VoteLeaveBrokeTheLaw Used #CambridgeAnalytica and #AIQ We are not Canada and need to remain at the  table #PeoplesVote,"['brexit', 'peoplesvote', 'aiq', 'voteleavebrokethelaw', 'cambridgeanalytica']"
108,108,108,108,108,108,2888609,1027793138478395392,4885951049,negative,remain,2018-08-10T05:45:54.000Z,"So #ArronBanks first of all lied about meeting a Russian spy, before having to later admit the meetings happened.

Clearly the actions of an innocent man!

Full public investigation needed!

#Brexit #BrexitShambles #VoteLeaveBrokeTheLaw #PeoplesVote

https://t.co/CC1LBk8si8","['brexit', 'peoplesvote', 'arronbanks', 'voteleavebrokethelaw', 'brexitshambles']"
109,109,109,109,109,109,2888608,1027793138478395392,4885951049,negative,remain,2018-08-10T05:45:54.000Z,"So #ArronBanks first of all lied about meeting a Russian spy, before having to later admit the meetings happened.

Clearly the actions of an innocent man!

Full public investigation needed!

#Brexit #BrexitShambles #VoteLeaveBrokeTheLaw #PeoplesVote

https://t.co/CC1LBk8si8","['brexit', 'peoplesvote', 'arronbanks', 'voteleavebrokethelaw', 'brexitshambles']"
110,110,110,110,110,110,4179431,1043634290217701376,1451533656,neutral,remain,2018-09-22T22:52:59.000Z,"@Nigel_Farage A bus lacking something up top.

A perfect metaphor for the stupidity of #Brexit 

#PeoplesVote 
#StopBrexit 
#VoteLeaveBrokeTheLaw 
#BrexitShambles 
#BrexitChaos","['brexit', 'peoplesvote', 'brexitchaos', 'stopbrexit', 'voteleavebrokethelaw', 'brexitshambles']"
111,111,111,111,111,111,4179430,1043634290217701376,1451533656,neutral,remain,2018-09-22T22:52:59.000Z,"@Nigel_Farage A bus lacking something up top.

A perfect metaphor for the stupidity of #Brexit 

#PeoplesVote 
#StopBrexit 
#VoteLeaveBrokeTheLaw 
#BrexitShambles 
#BrexitChaos","['brexit', 'peoplesvote', 'brexitchaos', 'stopbrexit', 'voteleavebrokethelaw', 'brexitshambles']"
112,112,112,112,112,112,3620105,1037642246886174720,3322754518,negative,remain,2018-09-06T10:02:44.000Z,"@JMPSimor @WCullmac That or he is a liar.
I think that it's the latter.
A plea of ignorance allows him a let out from an undefendable position.
Let's tell it as it is.
Ignorance is not a defense.
#PeoplesVote
#FBPE
#Brexit
#FinalSayForAll
#VoteLeaveBrokeTheLaw
#VoteLeaveCriminals
#BrexitIsPersonal https://t.co/817rS5nioH","['brexit', 'peoplesvote', 'brexitispersonal', 'finalsayforall', 'fbpe', 'voteleavebrokethelaw', 'voteleavecriminals']"
113,113,113,113,113,113,3620106,1037642246886174720,3322754518,negative,remain,2018-09-06T10:02:44.000Z,"@JMPSimor @WCullmac That or he is a liar.
I think that it's the latter.
A plea of ignorance allows him a let out from an undefendable position.
Let's tell it as it is.
Ignorance is not a defense.
#PeoplesVote
#FBPE
#Brexit
#FinalSayForAll
#VoteLeaveBrokeTheLaw
#VoteLeaveCriminals
#BrexitIsPersonal https://t.co/817rS5nioH","['brexit', 'peoplesvote', 'brexitispersonal', 'finalsayforall', 'fbpe', 'voteleavebrokethelaw', 'voteleavecriminals']"
114,114,114,114,114,114,3630990,1037751854648705024,746401931317346304,negative,remain,2018-09-06T17:18:17.000Z,"Keeping people ""at bay"" who don't agree with you?

Is that how democracy works now?

#StopBrexit #Brexit #brexitshambles #PeoplesVote #fbpe #VoteLeaveBrokeTheLaw https://t.co/kOkxLstjBA","['brexit', 'peoplesvote', 'fbpe', 'stopbrexit', 'voteleavebrokethelaw', 'brexitshambles']"
115,115,115,115,115,115,3630991,1037751854648705024,746401931317346304,negative,remain,2018-09-06T17:18:17.000Z,"Keeping people ""at bay"" who don't agree with you?

Is that how democracy works now?

#StopBrexit #Brexit #brexitshambles #PeoplesVote #fbpe #VoteLeaveBrokeTheLaw https://t.co/kOkxLstjBA","['brexit', 'peoplesvote', 'fbpe', 'stopbrexit', 'voteleavebrokethelaw', 'brexitshambles']"
116,116,116,116,116,116,3438358,1035158633082970112,199793632,negative,other,2018-08-30T13:33:45.000Z,"This is #Darren don't be like Darren he's a knob who is facing criminal charges for #BREAKING the #law... Darren couldn't win with out #cheating but Darren wants to to believe his bad idea is great... it's not 
#VoteLeaveBrokeTheLaw 
#VotesShouldBeFair 
#PeoplesVote 
#Brexit https://t.co/Otimu0xUHe","['brexit', 'peoplesvote', 'law', 'cheating', 'voteleavebrokethelaw', 'votesshouldbefair', 'darren', 'breaking']"
117,117,117,117,117,117,3438357,1035158633082970112,199793632,negative,other,2018-08-30T13:33:45.000Z,"This is #Darren don't be like Darren he's a knob who is facing criminal charges for #BREAKING the #law... Darren couldn't win with out #cheating but Darren wants to to believe his bad idea is great... it's not 
#VoteLeaveBrokeTheLaw 
#VotesShouldBeFair 
#PeoplesVote 
#Brexit https://t.co/Otimu0xUHe","['brexit', 'peoplesvote', 'law', 'cheating', 'voteleavebrokethelaw', 'votesshouldbefair', 'darren', 'breaking']"
118,118,118,118,118,118,3272360,1032945694540288000,3322754518,positive,remain,2018-08-24T11:00:19.000Z,"@robmchisholm @sarahwollaston You need to get your head out of the sand mate. No deal Brexit will be like the depression on steroids and like the depression a precursor to war.
#NoDealBrexit
#PeoplesVote
#FBPE
#STOPBREXIT
#ExitFromBrexit
#VoteLeaveBrokeTheLaw
#VoteLeaveCriminals
#Brexit https://t.co/QIBJHBMn83","['brexit', 'peoplesvote', 'nodealbrexit', 'stopbrexit', 'fbpe', 'voteleavebrokethelaw', 'exitfrombrexit', 'voteleavecriminals']"
119,119,119,119,119,119,3272361,1032945694540288000,3322754518,positive,remain,2018-08-24T11:00:19.000Z,"@robmchisholm @sarahwollaston You need to get your head out of the sand mate. No deal Brexit will be like the depression on steroids and like the depression a precursor to war.
#NoDealBrexit
#PeoplesVote
#FBPE
#STOPBREXIT
#ExitFromBrexit
#VoteLeaveBrokeTheLaw
#VoteLeaveCriminals
#Brexit https://t.co/QIBJHBMn83","['brexit', 'peoplesvote', 'nodealbrexit', 'stopbrexit', 'fbpe', 'voteleavebrokethelaw', 'exitfrombrexit', 'voteleavecriminals']"
120,120,120,120,120,120,4184721,1043752566029529088,746401931317346304,negative,remain,2018-09-23T06:42:58.000Z,"Everything you need to know about #Brexit can be summed up in this one fact:

On the morning of 24th June 2016, a stunned and terrified @michaelgove and @BorisJohnson sought not to celebrate, but to reassure.

#StopBrexit #PeoplesVote #BrexitShambles #VoteLeaveBrokeTheLaw #FBPE https://t.co/F5biMSXBmq","['brexit', 'peoplesvote', 'stopbrexit', 'fbpe', 'voteleavebrokethelaw', 'brexitshambles']"
121,121,121,121,121,121,4184720,1043752566029529088,746401931317346304,negative,remain,2018-09-23T06:42:58.000Z,"Everything you need to know about #Brexit can be summed up in this one fact:

On the morning of 24th June 2016, a stunned and terrified @michaelgove and @BorisJohnson sought not to celebrate, but to reassure.

#StopBrexit #PeoplesVote #BrexitShambles #VoteLeaveBrokeTheLaw #FBPE https://t.co/F5biMSXBmq","['brexit', 'peoplesvote', 'stopbrexit', 'fbpe', 'voteleavebrokethelaw', 'brexitshambles']"
122,122,122,122,122,122,3965393,1042009198882684928,3322754518,positive,remain,2018-09-18T11:15:27.000Z,"@MigObs Well worth a look.
#PeoplesVote
#FBPE
#STOPBREXIT
#ExitFromBrexit
#VoteLeaveBrokeTheLaw
#VoteLeaveCriminals
#Brexit","['brexit', 'peoplesvote', 'stopbrexit', 'fbpe', 'voteleavebrokethelaw', 'exitfrombrexit', 'voteleavecriminals']"
123,123,123,123,123,123,3007423,1029699343970906112,3322754518,neutral,remain,2018-08-15T12:00:29.000Z,"@cirian75 @tradegovuk Indeed we have.
#PeoplesVote
#FBPE
#STOPBREXIT
#ExitFromBrexit
#VoteLeaveBrokeTheLaw
#VoteLeaveCriminals
#Brexit","['brexit', 'peoplesvote', 'stopbrexit', 'fbpe', 'voteleavebrokethelaw', 'exitfrombrexit', 'voteleavecriminals']"
124,124,124,124,124,124,3965392,1042009198882684928,3322754518,positive,remain,2018-09-18T11:15:27.000Z,"@MigObs Well worth a look.
#PeoplesVote
#FBPE
#STOPBREXIT
#ExitFromBrexit
#VoteLeaveBrokeTheLaw
#VoteLeaveCriminals
#Brexit","['brexit', 'peoplesvote', 'stopbrexit', 'fbpe', 'voteleavebrokethelaw', 'exitfrombrexit', 'voteleavecriminals']"
125,125,125,125,125,125,3007424,1029699343970906112,3322754518,neutral,remain,2018-08-15T12:00:29.000Z,"@cirian75 @tradegovuk Indeed we have.
#PeoplesVote
#FBPE
#STOPBREXIT
#ExitFromBrexit
#VoteLeaveBrokeTheLaw
#VoteLeaveCriminals
#Brexit","['brexit', 'peoplesvote', 'stopbrexit', 'fbpe', 'voteleavebrokethelaw', 'exitfrombrexit', 'voteleavecriminals']"
126,126,126,126,126,126,3619092,1037633736232390656,3322754518,neutral,remain,2018-09-06T09:28:55.000Z,"@remain_or_die Go girl üëç
#FBPE
#STOPBREXIT
#ExitFromBrexit
#VoteLeaveBrokeTheLaw
#VoteLeaveCriminals
#PeoplesVote
#Brexit
#FinalSayForAll","['brexit', 'peoplesvote', 'stopbrexit', 'finalsayforall', 'fbpe', 'voteleavebrokethelaw', 'exitfrombrexit', 'voteleavecriminals']"
127,127,127,127,127,127,3619091,1037633736232390656,3322754518,neutral,remain,2018-09-06T09:28:55.000Z,"@remain_or_die Go girl üëç
#FBPE
#STOPBREXIT
#ExitFromBrexit
#VoteLeaveBrokeTheLaw
#VoteLeaveCriminals
#PeoplesVote
#Brexit
#FinalSayForAll","['brexit', 'peoplesvote', 'stopbrexit', 'finalsayforall', 'fbpe', 'voteleavebrokethelaw', 'exitfrombrexit', 'voteleavecriminals']"
128,128,128,128,128,128,2988864,1029365321180831744,3322754518,neutral,remain,2018-08-14T13:53:11.000Z,"@nicktolhurst Probably the first sensible thing they have done in the past two years.
#FBPE
#STOPBREXIT
#VoteLeaveBrokeTheLaw
#VoteLeaveCriminals
#PeoplesVote
#Brexit
#FinalSayForAll https://t.co/coQpFJiTFv","['brexit', 'peoplesvote', 'stopbrexit', 'finalsayforall', 'fbpe', 'voteleavebrokethelaw', 'voteleavecriminals']"
129,129,129,129,129,129,3073590,1030726839298404352,3322754518,negative,remain,2018-08-18T08:03:23.000Z,"@brexitbenefits @WCullmac Toothless treason weasel that he is.
#PeoplesVote
#FBPE
#STOPBREXIT
#VoteLeaveBrokeTheLaw
#VoteLeaveCriminals
#Brexit
#FinalSayForAll https://t.co/dFcITQoHiR","['brexit', 'peoplesvote', 'stopbrexit', 'finalsayforall', 'fbpe', 'voteleavebrokethelaw', 'voteleavecriminals']"
130,130,130,130,130,130,3073589,1030726839298404352,3322754518,negative,remain,2018-08-18T08:03:23.000Z,"@brexitbenefits @WCullmac Toothless treason weasel that he is.
#PeoplesVote
#FBPE
#STOPBREXIT
#VoteLeaveBrokeTheLaw
#VoteLeaveCriminals
#Brexit
#FinalSayForAll https://t.co/dFcITQoHiR","['brexit', 'peoplesvote', 'stopbrexit', 'finalsayforall', 'fbpe', 'voteleavebrokethelaw', 'voteleavecriminals']"
131,131,131,131,131,131,2988863,1029365321180831744,3322754518,neutral,remain,2018-08-14T13:53:11.000Z,"@nicktolhurst Probably the first sensible thing they have done in the past two years.
#FBPE
#STOPBREXIT
#VoteLeaveBrokeTheLaw
#VoteLeaveCriminals
#PeoplesVote
#Brexit
#FinalSayForAll https://t.co/coQpFJiTFv","['brexit', 'peoplesvote', 'stopbrexit', 'finalsayforall', 'fbpe', 'voteleavebrokethelaw', 'voteleavecriminals']"
132,132,132,132,132,132,4388747,1045544375638532096,142725458,negative,other,2018-09-28T05:22:59.000Z,"@LeaveEUOfficial #VoteLeaveBrokeTheLaw

The British people NEVER chose #Brexit. A democracy does not use a referendum which is NOT legally-binding as a mandate. There is no mandate for #Brexit

#StopBrexit #FinalSayforAll #PeoplesVote","['brexit', 'peoplesvote', 'stopbrexit', 'finalsayforall', 'voteleavebrokethelaw', 'brexit']"
133,133,133,133,133,133,4388746,1045544375638532096,142725458,negative,other,2018-09-28T05:22:59.000Z,"@LeaveEUOfficial #VoteLeaveBrokeTheLaw

The British people NEVER chose #Brexit. A democracy does not use a referendum which is NOT legally-binding as a mandate. There is no mandate for #Brexit

#StopBrexit #FinalSayforAll #PeoplesVote","['brexit', 'peoplesvote', 'stopbrexit', 'finalsayforall', 'voteleavebrokethelaw', 'brexit']"
134,134,134,134,134,134,3026677,1030016470292619264,3322754518,negative,remain,2018-08-16T09:00:37.000Z,"@brexit_sham Farage is a toothless treason weasel. Believe the doctors not this Muppet.
#PeoplesVote
#FBPE
#STOPBREXIT
#ExitFromBrexit
#VoteLeaveBrokeTheLaw
#VoteLeaveCriminals
#Brexit
#PeoplesVote
#StopBrexitSaveDemocracy
#StandUp2Brexit https://t.co/yuoXc83FxJ","['brexit', 'peoplesvote', 'stopbrexit', 'standup2brexit', 'fbpe', 'voteleavebrokethelaw', 'stopbrexitsavedemocracy', 'exitfrombrexit', 'voteleavecriminals']"
135,135,135,135,135,135,3026676,1030016470292619264,3322754518,negative,remain,2018-08-16T09:00:37.000Z,"@brexit_sham Farage is a toothless treason weasel. Believe the doctors not this Muppet.
#PeoplesVote
#FBPE
#STOPBREXIT
#ExitFromBrexit
#VoteLeaveBrokeTheLaw
#VoteLeaveCriminals
#Brexit
#PeoplesVote
#StopBrexitSaveDemocracy
#StandUp2Brexit https://t.co/yuoXc83FxJ","['brexit', 'peoplesvote', 'stopbrexit', 'standup2brexit', 'fbpe', 'voteleavebrokethelaw', 'stopbrexitsavedemocracy', 'exitfrombrexit', 'voteleavecriminals']"
136,136,136,136,136,136,2819777,1026775907703443456,1451533656,negative,remain,2018-08-07T10:23:47.000Z,"@JohnPenroseNews The Gov'ts own figures say that #Brexit in ANY form will be economically bad for the UK. So how is that going to help ""slash the cost of living"" John?

#BrexitShambles 
#PeoplesVote 
#StopBrexit 
#VoteLeaveBrokeTheLaw https://t.co/3fai36jLWz","['brexit', 'peoplesvote', 'stopbrexit', 'voteleavebrokethelaw', 'brexitshambles']"
137,137,137,137,137,137,2819776,1026775907703443456,1451533656,negative,remain,2018-08-07T10:23:47.000Z,"@JohnPenroseNews The Gov'ts own figures say that #Brexit in ANY form will be economically bad for the UK. So how is that going to help ""slash the cost of living"" John?

#BrexitShambles 
#PeoplesVote 
#StopBrexit 
#VoteLeaveBrokeTheLaw https://t.co/3fai36jLWz","['brexit', 'peoplesvote', 'stopbrexit', 'voteleavebrokethelaw', 'brexitshambles']"
138,138,138,138,138,138,4319393,1044874250354659328,3342507880,negative,leave,2018-09-26T09:00:08.000Z,@guyverhofstadt And no word about little ol me... #Brexit #PeoplesVote #VoteLeaveBrokeTheLaw https://t.co/lRVqv3kudm,"['brexit', 'peoplesvote', 'voteleavebrokethelaw']"
139,139,139,139,139,139,4319394,1044874250354659328,3342507880,negative,leave,2018-09-26T09:00:08.000Z,@guyverhofstadt And no word about little ol me... #Brexit #PeoplesVote #VoteLeaveBrokeTheLaw https://t.co/lRVqv3kudm,"['brexit', 'peoplesvote', 'voteleavebrokethelaw']"
140,140,140,140,140,140,1747964,1016227396108914688,581208856,neutral,other,2018-07-09T07:47:46.000Z,"@jpjepson @thomasbrake Not just Tom. There's millions of us &amp; the number grows every day.
#Brexit was a con brought to us by cons, that offered the impossible with a click of the fingers.

Time for #PeoplesVote on a deal IF one can be achieved.

#VoteLeaveBrokeTheLaw","['brexit', 'peoplesvote', 'voteleavebrokethelaw']"
141,141,141,141,141,141,3355068,1034147867827552256,3342507880,negative,remain,2018-08-27T18:37:19.000Z,@darrengrimes_ You really are an embarrasment to your family and the people pf Darlington. You should concentrate on avoiding 5 years in prison rather than these unintelligent and immature comments. #Brexit #VoteLeaveBrokeTheLaw #PeoplesVote https://t.co/1f0f6VKlqs,"['brexit', 'peoplesvote', 'voteleavebrokethelaw']"
142,142,142,142,142,142,4066122,1042891103681302528,141141836,positive,leave,2018-09-20T21:39:49.000Z,"@UKEmigration2EU @Daverjr @Calvegas @Greenierexyboy @jsburn30 @SebDance #Brexit is not a good for Britain in the short, medium or long term. So why do it? What's so sacred about a vote that was tampered with &amp; corrupted? #VoteLeaveBrokeTheLaw. For heavens sake, follow Kenya's example: hold another vote &amp; make sure it's honest this time. #PeoplesVote https://t.co/iEV4Nwog0a","['brexit', 'peoplesvote', 'voteleavebrokethelaw']"
143,143,143,143,143,143,4066123,1042891103681302528,141141836,positive,leave,2018-09-20T21:39:49.000Z,"@UKEmigration2EU @Daverjr @Calvegas @Greenierexyboy @jsburn30 @SebDance #Brexit is not a good for Britain in the short, medium or long term. So why do it? What's so sacred about a vote that was tampered with &amp; corrupted? #VoteLeaveBrokeTheLaw. For heavens sake, follow Kenya's example: hold another vote &amp; make sure it's honest this time. #PeoplesVote https://t.co/iEV4Nwog0a","['brexit', 'peoplesvote', 'voteleavebrokethelaw']"
144,144,144,144,144,144,1747965,1016227396108914688,581208856,neutral,other,2018-07-09T07:47:46.000Z,"@jpjepson @thomasbrake Not just Tom. There's millions of us &amp; the number grows every day.
#Brexit was a con brought to us by cons, that offered the impossible with a click of the fingers.

Time for #PeoplesVote on a deal IF one can be achieved.

#VoteLeaveBrokeTheLaw","['brexit', 'peoplesvote', 'voteleavebrokethelaw']"
145,145,145,145,145,145,3355069,1034147867827552256,3342507880,negative,remain,2018-08-27T18:37:19.000Z,@darrengrimes_ You really are an embarrasment to your family and the people pf Darlington. You should concentrate on avoiding 5 years in prison rather than these unintelligent and immature comments. #Brexit #VoteLeaveBrokeTheLaw #PeoplesVote https://t.co/1f0f6VKlqs,"['brexit', 'peoplesvote', 'voteleavebrokethelaw']"
146,146,146,146,146,146,2463481,1022588618437799936,2704124254,negative,remain,2018-07-26T21:05:00.000Z,"Nothing good could come from anything @Arron_banks supported, funded or touched. The Leave campaign was rotten to its stinking, dishonest core. Let the question be put again.
#PeoplesVote #VoteLeaveBrokeTheLaw #Brexit","['brexit', 'peoplesvote', 'voteleavebrokethelaw']"
147,147,147,147,147,147,3924721,1041621493703233536,143560142,positive,other,2018-09-17T09:34:51.000Z,"Now the judges agree ‚Äì the vote for #Brexit was clearly tainted
#VoteLeaveBrokeTheLaw
Time for the #PeoplesVote

https://t.co/K9DP30sfC0","['brexit', 'peoplesvote', 'voteleavebrokethelaw']"
148,148,148,148,148,148,2463482,1022588618437799936,2704124254,negative,remain,2018-07-26T21:05:00.000Z,"Nothing good could come from anything @Arron_banks supported, funded or touched. The Leave campaign was rotten to its stinking, dishonest core. Let the question be put again.
#PeoplesVote #VoteLeaveBrokeTheLaw #Brexit","['brexit', 'peoplesvote', 'voteleavebrokethelaw']"
149,149,149,149,149,149,4189204,1043778028533370880,3342507880,neutral,other,2018-09-23T08:24:09.000Z,@JuliaHB1 @SophyRidgeSky Democracy.... When the people vote.! #Brexit #PeoplesVote #VoteLeaveBrokeTheLaw,"['brexit', 'peoplesvote', 'voteleavebrokethelaw']"
150,150,150,150,150,150,2540761,1023542584608808960,4885951049,positive,other,2018-07-29T12:15:43.000Z,"@FlippantCactus @mrchrisaddison Yeah, it's just impossible to tell, huh? If only there was a way of statistically and visually proving the advertising, funded by Banks' bent foreign money, had an effect.....oh wait, there is!

https://t.co/kJY8faEsAB

#Brexit #VoteLeaveBrokeTheLaw #PeoplesVote","['brexit', 'peoplesvote', 'voteleavebrokethelaw']"
151,151,151,151,151,151,2540760,1023542584608808960,4885951049,positive,other,2018-07-29T12:15:43.000Z,"@FlippantCactus @mrchrisaddison Yeah, it's just impossible to tell, huh? If only there was a way of statistically and visually proving the advertising, funded by Banks' bent foreign money, had an effect.....oh wait, there is!

https://t.co/kJY8faEsAB

#Brexit #VoteLeaveBrokeTheLaw #PeoplesVote","['brexit', 'peoplesvote', 'voteleavebrokethelaw']"
152,152,152,152,152,152,3471101,1035608051779297280,3342507880,positive,remain,2018-08-31T19:19:34.000Z,@Haggis_UK #VoteLeaveBrokeTheLaw #Brexit #PeoplesVote Whittingdale not bothered UK losing jobs with Panasonic just like he was not bothered about the referendum being free and fair. https://t.co/mBgXaGaFsP,"['brexit', 'peoplesvote', 'voteleavebrokethelaw']"
153,153,153,153,153,153,3471102,1035608051779297280,3342507880,positive,remain,2018-08-31T19:19:34.000Z,@Haggis_UK #VoteLeaveBrokeTheLaw #Brexit #PeoplesVote Whittingdale not bothered UK losing jobs with Panasonic just like he was not bothered about the referendum being free and fair. https://t.co/mBgXaGaFsP,"['brexit', 'peoplesvote', 'voteleavebrokethelaw']"
154,154,154,154,154,154,2485315,1022802467048894464,27901363,negative,remain,2018-07-27T11:14:45.000Z,"Disgraced former Defence Secretary @LiamFox sounding very scared that the #Brexit dream of unicorns, jam, and international tax havens is collapsing around him:

https://t.co/M6UCtR4xgC

#PeoplesVote #VoteLeaveBrokeTheLaw","['brexit', 'peoplesvote', 'voteleavebrokethelaw']"
155,155,155,155,155,155,2485314,1022802467048894464,27901363,negative,remain,2018-07-27T11:14:45.000Z,"Disgraced former Defence Secretary @LiamFox sounding very scared that the #Brexit dream of unicorns, jam, and international tax havens is collapsing around him:

https://t.co/M6UCtR4xgC

#PeoplesVote #VoteLeaveBrokeTheLaw","['brexit', 'peoplesvote', 'voteleavebrokethelaw']"
156,156,156,156,156,156,4098805,1043129259450163200,83123048,negative,leave,2018-09-21T13:26:10.000Z,"@theresa_may ""The referendum was the largest democratic exercise this country has ever undergone. To deny it's legitimacy or frustrate its result threatens public trust in our democracy""  1/

#Brexit #PeoplesVote #VoteLeaveBrokeTheLaw","['brexit', 'peoplesvote', 'voteleavebrokethelaw']"
157,157,157,157,157,157,4098804,1043129259450163200,83123048,negative,leave,2018-09-21T13:26:10.000Z,"@theresa_may ""The referendum was the largest democratic exercise this country has ever undergone. To deny it's legitimacy or frustrate its result threatens public trust in our democracy""  1/

#Brexit #PeoplesVote #VoteLeaveBrokeTheLaw","['brexit', 'peoplesvote', 'voteleavebrokethelaw']"
158,158,158,158,158,158,4189205,1043778028533370880,3342507880,neutral,other,2018-09-23T08:24:09.000Z,@JuliaHB1 @SophyRidgeSky Democracy.... When the people vote.! #Brexit #PeoplesVote #VoteLeaveBrokeTheLaw,"['brexit', 'peoplesvote', 'voteleavebrokethelaw']"
159,159,159,159,159,159,4760131,1049765206002462720,966034416333217792,negative,remain,2018-10-09T20:55:03.000Z,"@BillCashMP Bill, #VoteLeaveBrokeTheLaw so I do not recognise it's legitimacy. Plain and simple, you and your cohorts may very well succeed in achieving a hard #Brexit however the 48%are staying and we will live in a badly fractured poorer country. #PeoplesVote","['brexit', 'peoplesvote', 'voteleavebrokethelaw']"
160,160,160,160,160,160,4760130,1049765206002462720,966034416333217792,negative,remain,2018-10-09T20:55:03.000Z,"@BillCashMP Bill, #VoteLeaveBrokeTheLaw so I do not recognise it's legitimacy. Plain and simple, you and your cohorts may very well succeed in achieving a hard #Brexit however the 48%are staying and we will live in a badly fractured poorer country. #PeoplesVote","['brexit', 'peoplesvote', 'voteleavebrokethelaw']"
161,161,161,161,161,161,3924722,1041621493703233536,143560142,positive,other,2018-09-17T09:34:51.000Z,"Now the judges agree ‚Äì the vote for #Brexit was clearly tainted
#VoteLeaveBrokeTheLaw
Time for the #PeoplesVote

https://t.co/K9DP30sfC0","['brexit', 'peoplesvote', 'voteleavebrokethelaw']"
162,162,162,162,162,162,2525096,1023252485253804032,133307813,negative,remain,2018-07-28T17:02:58.000Z,"Just a gentle reminder that Vote Leave broke the law. Let's put an end to this bollocks once and for all with a people's vote.

#VoteLeaveBrokeTheLaw 
#Brexit #PeoplesVote #BrexitShambles","['brexit', 'peoplesvote', 'voteleavebrokethelaw', 'brexitshambles']"
163,163,163,163,163,163,2525095,1023252485253804032,133307813,negative,remain,2018-07-28T17:02:58.000Z,"Just a gentle reminder that Vote Leave broke the law. Let's put an end to this bollocks once and for all with a people's vote.

#VoteLeaveBrokeTheLaw 
#Brexit #PeoplesVote #BrexitShambles","['brexit', 'peoplesvote', 'voteleavebrokethelaw', 'brexitshambles']"
164,164,164,164,164,164,3911790,1041470146634805248,319619581,negative,remain,2018-09-16T23:33:27.000Z,"@milo1234 And now we have the con that is #Brexit - The MP's trying to force Brexit through at any cost have been lying to us for over 2.5 years now. They don't care that #VoteLeaveBrokeTheLaw

They don't care about the mass of lost jobs coming after 29.03.19.

#EndTheChaos #PeoplesVote","['brexit', 'peoplesvote', 'voteleavebrokethelaw', 'endthechaos']"
165,165,165,165,165,165,3911791,1041470146634805248,319619581,negative,remain,2018-09-16T23:33:27.000Z,"@milo1234 And now we have the con that is #Brexit - The MP's trying to force Brexit through at any cost have been lying to us for over 2.5 years now. They don't care that #VoteLeaveBrokeTheLaw

They don't care about the mass of lost jobs coming after 29.03.19.

#EndTheChaos #PeoplesVote","['brexit', 'peoplesvote', 'voteleavebrokethelaw', 'endthechaos']"
166,166,166,166,166,166,3915105,1041572818289389568,2499819283,negative,other,2018-09-17T06:21:26.000Z,Sick and tired of the whole country being held to ransom over #Brexit by a divided #ToryParty That‚Äôs why we need a #PeoplesVote #R4Today #BBCR4Today #BrexitShambles #VoteLeaveBrokeTheLaw,"['brexit', 'peoplesvote', 'voteleavebrokethelaw', 'r4today', 'bbcr4today', 'toryparty', 'brexitshambles']"
167,167,167,167,167,167,3915104,1041572818289389568,2499819283,negative,other,2018-09-17T06:21:26.000Z,Sick and tired of the whole country being held to ransom over #Brexit by a divided #ToryParty That‚Äôs why we need a #PeoplesVote #R4Today #BBCR4Today #BrexitShambles #VoteLeaveBrokeTheLaw,"['brexit', 'peoplesvote', 'voteleavebrokethelaw', 'r4today', 'bbcr4today', 'toryparty', 'brexitshambles']"
168,168,168,168,168,168,3171292,1031925247681937408,746401931317346304,neutral,remain,2018-08-21T15:25:25.000Z,"Live footage emerges of @theresa_may's summer holiday...

#Brexit #StopBrexit #PeoplesVote #FBPE #VoteLeaveBrokeTheLaw #VoteLeaveLied #BrexitShambles https://t.co/6PuLdsiz5O","['brexit', 'peoplesvote', 'voteleavelied', 'stopbrexit', 'fbpe', 'voteleavebrokethelaw', 'brexitshambles']"
169,169,169,169,169,169,3171293,1031925247681937408,746401931317346304,neutral,remain,2018-08-21T15:25:25.000Z,"Live footage emerges of @theresa_may's summer holiday...

#Brexit #StopBrexit #PeoplesVote #FBPE #VoteLeaveBrokeTheLaw #VoteLeaveLied #BrexitShambles https://t.co/6PuLdsiz5O","['brexit', 'peoplesvote', 'voteleavelied', 'stopbrexit', 'fbpe', 'voteleavebrokethelaw', 'brexitshambles']"
170,170,170,170,170,170,3166391,1031881133116547072,16088020,positive,remain,2018-08-21T12:30:08.000Z,"A skill which will be especially useful to everyone in the UK if the #Brexit you support is allowed to go ahead.
#StopBrexit #VoteLeaveLied #VoteLeaveBrokeTheLaw #PeoplesVote https://t.co/NKWroApum7","['brexit', 'peoplesvote', 'voteleavelied', 'stopbrexit', 'voteleavebrokethelaw']"
171,171,171,171,171,171,3166390,1031881133116547072,16088020,positive,remain,2018-08-21T12:30:08.000Z,"A skill which will be especially useful to everyone in the UK if the #Brexit you support is allowed to go ahead.
#StopBrexit #VoteLeaveLied #VoteLeaveBrokeTheLaw #PeoplesVote https://t.co/NKWroApum7","['brexit', 'peoplesvote', 'voteleavelied', 'stopbrexit', 'voteleavebrokethelaw']"
172,172,172,172,172,172,3542146,1036686009021460480,746401931317346304,positive,remain,2018-09-03T18:42:59.000Z,"Looks like countries remain pretty sovereign as EU members! ü§î
#StopBrexit #Brexit #PeoplesVote #VoteLeaveLied #VoteLeaveBrokeTheLaw #VoteLeaveCheated https://t.co/n1oDXnSzae","['brexit', 'peoplesvote', 'voteleavelied', 'voteleavecheated', 'stopbrexit', 'voteleavebrokethelaw']"
173,173,173,173,173,173,3542147,1036686009021460480,746401931317346304,positive,remain,2018-09-03T18:42:59.000Z,"Looks like countries remain pretty sovereign as EU members! ü§î
#StopBrexit #Brexit #PeoplesVote #VoteLeaveLied #VoteLeaveBrokeTheLaw #VoteLeaveCheated https://t.co/n1oDXnSzae","['brexit', 'peoplesvote', 'voteleavelied', 'voteleavecheated', 'stopbrexit', 'voteleavebrokethelaw']"
174,174,174,174,174,174,4834887,1050701135131172864,71211212,negative,other,2018-10-12T10:54:06.000Z,"If you want to get away with a crime, just make your self too politically sensitive and the #police will let you walk free. #VoteLeaveBrokeTheLaw  #PoliceCorruption #Brexit

https://t.co/mcL90vxvhH","['brexit', 'policecorruption', 'voteleavebrokethelaw', 'police']"
175,175,175,175,175,175,4834886,1050701135131172864,71211212,negative,other,2018-10-12T10:54:06.000Z,"If you want to get away with a crime, just make your self too politically sensitive and the #police will let you walk free. #VoteLeaveBrokeTheLaw  #PoliceCorruption #Brexit

https://t.co/mcL90vxvhH","['brexit', 'policecorruption', 'voteleavebrokethelaw', 'police']"
176,176,176,176,176,176,2629913,1024299226480762880,747349420983754752,positive,remain,2018-07-31T14:22:20.000Z,A good #Brexit is an oxymoron. #StopBrexit #RevokeA50 #VoteLeaveBrokeTheLaw #NoMandate https://t.co/73e0bVLh3M,"['brexit', 'revokea50', 'stopbrexit', 'nomandate', 'voteleavebrokethelaw']"
177,177,177,177,177,177,2629914,1024299226480762880,747349420983754752,positive,remain,2018-07-31T14:22:20.000Z,A good #Brexit is an oxymoron. #StopBrexit #RevokeA50 #VoteLeaveBrokeTheLaw #NoMandate https://t.co/73e0bVLh3M,"['brexit', 'revokea50', 'stopbrexit', 'nomandate', 'voteleavebrokethelaw']"
178,178,178,178,178,178,3254783,1032761924851773440,21096782,positive,remain,2018-08-23T22:50:05.000Z,"@peterfwest With apologies to the late, great #SimonCadell Less ""'Allo, 'Allo!"" more 'Goodbye Goodbye #Brexit', soon, one hopes? #VoteLeaveBrokeTheLaw #PeoplesVote https://t.co/nzeyLBDn1D","['brexit', 'simoncadell', 'peoplesvote', 'voteleavebrokethelaw']"
179,179,179,179,179,179,3254782,1032761924851773440,21096782,positive,remain,2018-08-23T22:50:05.000Z,"@peterfwest With apologies to the late, great #SimonCadell Less ""'Allo, 'Allo!"" more 'Goodbye Goodbye #Brexit', soon, one hopes? #VoteLeaveBrokeTheLaw #PeoplesVote https://t.co/nzeyLBDn1D","['brexit', 'simoncadell', 'peoplesvote', 'voteleavebrokethelaw']"
180,180,180,180,180,180,2799476,1026489396474929152,3322754518,negative,remain,2018-08-06T15:25:18.000Z,"@Sathnam @TheAndyMaturin He always was. He just learned to hide it for political expedience.
#FBPE
#STOPBREXIT
#ExitFromBrexit
#VoteLeaveBrokeTheLaw
#VoteLeaveCriminals
#Brexit https://t.co/Y6cjsnF4kt","['brexit', 'stopbrexit', 'fbpe', 'voteleavebrokethelaw', 'exitfrombrexit', 'voteleavecriminals']"
181,181,181,181,181,181,2799475,1026489396474929152,3322754518,negative,remain,2018-08-06T15:25:18.000Z,"@Sathnam @TheAndyMaturin He always was. He just learned to hide it for political expedience.
#FBPE
#STOPBREXIT
#ExitFromBrexit
#VoteLeaveBrokeTheLaw
#VoteLeaveCriminals
#Brexit https://t.co/Y6cjsnF4kt","['brexit', 'stopbrexit', 'fbpe', 'voteleavebrokethelaw', 'exitfrombrexit', 'voteleavecriminals']"
182,182,182,182,182,182,2825481,1026828295801856000,3322754518,negative,remain,2018-08-07T13:51:57.000Z,"@brexit_sham @Nigel_Farage Toothless treason weasel.
#FBPE
#STOPBREXIT
#ExitFromBrexit
#VoteLeaveBrokeTheLaw
#VoteLeaveCriminals
#Brexit
#FinalSayForAll https://t.co/fAzqqK3sYk","['brexit', 'stopbrexit', 'finalsayforall', 'fbpe', 'voteleavebrokethelaw', 'exitfrombrexit', 'voteleavecriminals']"
183,183,183,183,183,183,2825480,1026828295801856000,3322754518,negative,remain,2018-08-07T13:51:57.000Z,"@brexit_sham @Nigel_Farage Toothless treason weasel.
#FBPE
#STOPBREXIT
#ExitFromBrexit
#VoteLeaveBrokeTheLaw
#VoteLeaveCriminals
#Brexit
#FinalSayForAll https://t.co/fAzqqK3sYk","['brexit', 'stopbrexit', 'finalsayforall', 'fbpe', 'voteleavebrokethelaw', 'exitfrombrexit', 'voteleavecriminals']"
184,184,184,184,184,184,2844915,1027127467314696192,3322754518,negative,remain,2018-08-08T09:40:45.000Z,"@StanBartolome @brexit_sham @Nigel_Farage How very well you have made your point, well done, worth a follow. üëèüëèüëè
You only forgot to call him a toothless treason weasel so I will just add that to my retweet.
#StopBrexit
#FBPE
#STOPBREXIT
#ExitFromBrexit
#VoteLeaveBrokeTheLaw
#VoteLeaveCriminals
#Brexit https://t.co/4n2syBWcKx","['brexit', 'stopbrexit', 'stopbrexit', 'fbpe', 'voteleavebrokethelaw', 'exitfrombrexit', 'voteleavecriminals']"
185,185,185,185,185,185,2844916,1027127467314696192,3322754518,negative,remain,2018-08-08T09:40:45.000Z,"@StanBartolome @brexit_sham @Nigel_Farage How very well you have made your point, well done, worth a follow. üëèüëèüëè
You only forgot to call him a toothless treason weasel so I will just add that to my retweet.
#StopBrexit
#FBPE
#STOPBREXIT
#ExitFromBrexit
#VoteLeaveBrokeTheLaw
#VoteLeaveCriminals
#Brexit https://t.co/4n2syBWcKx","['brexit', 'stopbrexit', 'stopbrexit', 'fbpe', 'voteleavebrokethelaw', 'exitfrombrexit', 'voteleavecriminals']"
186,186,186,186,186,186,4818138,1050483311309717504,3432562233,positive,remain,2018-10-11T20:28:33.000Z,@carolecadwalla @theresa_may #TheresaMay isn't going to do anything! So what next? Where's the leadership for #Remain? #Brexit #StopBrexit @UKLabour @LibDems @TheGreenParty @theSNP @Anna_Soubry @Femi_Sorry @mrjamesob @JustineGreening #VoteLeaveBrokeTheLaw,"['brexit', 'stopbrexit', 'voteleavebrokethelaw', 'remain?', 'theresamay']"
187,187,187,187,187,187,4818137,1050483311309717504,3432562233,positive,remain,2018-10-11T20:28:33.000Z,@carolecadwalla @theresa_may #TheresaMay isn't going to do anything! So what next? Where's the leadership for #Remain? #Brexit #StopBrexit @UKLabour @LibDems @TheGreenParty @theSNP @Anna_Soubry @Femi_Sorry @mrjamesob @JustineGreening #VoteLeaveBrokeTheLaw,"['brexit', 'stopbrexit', 'voteleavebrokethelaw', 'remain?', 'theresamay']"
188,188,188,188,188,188,2624329,1024262580443983872,140743052,positive,leave,2018-07-31T11:56:43.000Z,"#TuesdayThoughts Whilst the Labour Party still supports #Brexit Consider this Vote Leave
#VoteLeaveBrokeTheLaw This petition is heading for 190,000 &amp; it was started  less than 3 weeks ago Spread the word https://t.co/FdnTJJkktz","['brexit', 'tuesdaythoughts', 'voteleavebrokethelaw']"
189,189,189,189,189,189,2624330,1024262580443983872,140743052,positive,leave,2018-07-31T11:56:43.000Z,"#TuesdayThoughts Whilst the Labour Party still supports #Brexit Consider this Vote Leave
#VoteLeaveBrokeTheLaw This petition is heading for 190,000 &amp; it was started  less than 3 weeks ago Spread the word https://t.co/FdnTJJkktz","['brexit', 'tuesdaythoughts', 'voteleavebrokethelaw']"
190,190,190,190,190,190,2080209,1019106774987755520,1937857572,negative,leave,2018-07-17T06:29:23.000Z,"#VoteLeave = Criminals. Bring them to justice and stop this clusterf**k of #Brexit
#VoteLeaveBrokeTheLaw
https://t.co/srmDXanmxC","['brexit', 'voteleave', 'voteleavebrokethelaw']"
191,191,191,191,191,191,2080208,1019106774987755520,1937857572,negative,leave,2018-07-17T06:29:23.000Z,"#VoteLeave = Criminals. Bring them to justice and stop this clusterf**k of #Brexit
#VoteLeaveBrokeTheLaw
https://t.co/srmDXanmxC","['brexit', 'voteleave', 'voteleavebrokethelaw']"
192,192,192,192,192,192,2528295,1023288485376126976,319619581,negative,leave,2018-07-28T19:26:01.000Z,"@SarahRosemary3 @onthewingit @BBCNewsPR @BBCNewsnight My guess here is that @BBCNews won't admit that #VoteLeave broke the law until people are physically arrested, charged and found guilty in Court. So, just now they're only prepared to use the word 'allegations'. I'm in no way defending them because #VoteLeaveBrokeTheLaw

#Brexit","['brexit', 'voteleave', 'voteleavebrokethelaw']"
193,193,193,193,193,193,2251502,1020653236246675456,71211212,negative,other,2018-07-21T12:54:28.000Z,"How many adverts on facebook did half a million pounds of illegal election spending buy #VoteLeave ?

I remember thinking at the time Vote Leave seem to have endless funds for that kind of thing. Guess we know why now.

#Brexit #VoteLeaveBrokeTheLaw","['brexit', 'voteleave', 'voteleavebrokethelaw']"
194,194,194,194,194,194,2251501,1020653236246675456,71211212,negative,other,2018-07-21T12:54:28.000Z,"How many adverts on facebook did half a million pounds of illegal election spending buy #VoteLeave ?

I remember thinking at the time Vote Leave seem to have endless funds for that kind of thing. Guess we know why now.

#Brexit #VoteLeaveBrokeTheLaw","['brexit', 'voteleave', 'voteleavebrokethelaw']"
195,195,195,195,195,195,2745715,1025680246903898112,275454299,neutral,leave,2018-08-04T09:50:01.000Z,@NCA_UK @cpsuk @MetCC Me too! #VoteLeaveBrokeTheLaw #VoteLeave #Brexit https://t.co/K0ZhMBqaoj,"['brexit', 'voteleave', 'voteleavebrokethelaw']"
196,196,196,196,196,196,2745716,1025680246903898112,275454299,neutral,leave,2018-08-04T09:50:01.000Z,@NCA_UK @cpsuk @MetCC Me too! #VoteLeaveBrokeTheLaw #VoteLeave #Brexit https://t.co/K0ZhMBqaoj,"['brexit', 'voteleave', 'voteleavebrokethelaw']"
197,197,197,197,197,197,2528294,1023288485376126976,319619581,negative,leave,2018-07-28T19:26:01.000Z,"@SarahRosemary3 @onthewingit @BBCNewsPR @BBCNewsnight My guess here is that @BBCNews won't admit that #VoteLeave broke the law until people are physically arrested, charged and found guilty in Court. So, just now they're only prepared to use the word 'allegations'. I'm in no way defending them because #VoteLeaveBrokeTheLaw

#Brexit","['brexit', 'voteleave', 'voteleavebrokethelaw']"
198,198,198,198,198,198,2088978,1019135024363442176,805515175,negative,leave,2018-07-17T08:21:39.000Z,"Vote Leave fined and reported to police by Electoral Commission #VoteLeave #VoteLeaveBrokeTheLaw
#Brexit #BrexitShambles
https://t.co/s9YfHPX8XI","['brexit', 'voteleave', 'voteleavebrokethelaw', 'brexitshambles']"
199,199,199,199,199,199,2088979,1019135024363442176,805515175,negative,leave,2018-07-17T08:21:39.000Z,"Vote Leave fined and reported to police by Electoral Commission #VoteLeave #VoteLeaveBrokeTheLaw
#Brexit #BrexitShambles
https://t.co/s9YfHPX8XI","['brexit', 'voteleave', 'voteleavebrokethelaw', 'brexitshambles']"
