,Unnamed: 0,Unnamed: 0.1,Unnamed: 0.1.1,Unnamed: 0.1.1.1,Unnamed: 0.1.1.1.1,Unnamed: 0.1.1.1.1.1,Unnamed: 0.1.1.1.1.1.1,t_id,user_id,t_sentiment,t_stance,t_date,t_text,hashtags
0,0,0,0,0,0,0,201488,702894696872468480,79231168,negative,other,2016-02-25T16:35:29.000Z,"Tory MPs: 150 are Remain, 124 are pro-#Brexit, 56 are still undecided https://t.co/SAgWG4eUc7 #ukreferendum #eureform #cameron #23june #ukeu","['23june', 'eureform', 'ukreferendum', 'ukeu', 'cameron']"
1,1,1,1,1,1,1,406873,715060562732924928,3297922053,positive,other,2016-03-30T06:18:17.000Z,"#BREAKING: Support for #LeavingEU likely to be overstated in #polls, #analysis suggests. #Brexit #UKExit # EUexit #EUreferendum #EUreform","['analysis', 'leavingeu', 'eureform', 'brexit', 'breaking', 'polls', 'ukexit', 'eureferendum']"
2,2,2,2,2,2,2,53041,695552121354219520,135096804,negative,other,2016-02-05T10:18:43.000Z,EBA's Enria says #EUreform proposals frisk distorting #competition in #banking @Reuters https://t.co/K4JOjkBdHh #Brexit #EUreferendum #euref,"['banking', 'eureform', 'euref', 'brexit', 'competition', 'eureferendum']"
3,3,3,3,3,3,3,47055,694854609060388864,121855199,neutral,other,2016-02-03T12:07:03.000Z,#euref Coconut or vanilla variety? #eureform #brexit #pmqs #bbcdp #imleavebecause of the fudge! https://t.co/OHyZMQxcOm,"['bbcdp', 'euref', 'eureform', 'imleavebecause', 'pmqs', 'brexit']"
4,4,4,4,4,4,4,532508,723353477284548608,215736181,positive,leave,2016-04-22T03:31:22.000Z,It's visionary wanting to be a leader in #EUReform but many believe the #EU is un-reform-able. #bbcqt #EURef #Brexit,"['bbcqt', 'brexit', 'eureform', 'euref', 'eu']"
5,5,5,5,5,5,5,98343,700454090975870976,121855199,neutral,other,2016-02-18T22:57:23.000Z,#bbcqt: 5 million jobs outside uk are linked to our #eu membership - theo paphitis. #brexit #eureform,"['bbcqt', 'eu', 'eureform', 'brexit']"
6,6,6,6,6,6,6,1477467,745704573818519552,24728928,neutral,leave,2016-06-22T19:46:39.000Z,"Are you voting?

 #brexit #voteout #eureform #bri #leaveeu #ginoclock #beleave #VoteRemain #VoteStay #EUreferendum https://t.co/OK3CEePGf6","['beleave', 'bri', 'voteout', 'eureform', 'ginoclock', 'voteremain', 'leaveeu', 'eureferendum', 'brexit', 'votestay']"
7,7,7,7,7,7,7,746752,734455547269918720,731465935308128128,negative,other,2016-05-22T18:47:02.000Z,World Trade Organisation' rules would prohibit any trade barriers against the UK after a Brexit. #EuReform #BetterOffIn #BRemain #EURef,"['bremain', 'eureform', 'betteroffin', 'euref']"
8,8,8,8,8,8,8,47257,694866178553036800,93207353,negative,other,2016-02-03T12:53:01.000Z,"Cameron demands special deal, not #EUreform, so naturally #Brexit kills new (and old) UK privileges. #euco  https://t.co/FLwKH82jQe","['brexit', 'euco', 'eureform']"
9,9,9,9,9,9,9,87076,699898629188939776,43081691,positive,other,2016-02-17T10:10:11.000Z,"Seriously, read it/watch it interested in #EUReform, #EURef or #Brexit. #EUCO. https://t.co/eTPpCCI8wo","['brexit', 'euref', 'euco', 'eureform']"
10,10,10,10,10,10,10,23895,690810776534253568,93207353,negative,other,2016-01-23T08:18:18.000Z,"Cameron’s three front battle | ECFR  https://t.co/T3G65cYrxj via @ecfr &lt; anti #EUreform, split Tories, possible #Brexit","['brexit', 'eureform']"
11,11,11,11,11,11,11,182790,702291820856741888,471719805,neutral,other,2016-02-24T00:39:52.000Z,"#BREXIT #eureform  Former UK military chiefs ride to defence of EU - https://t.co/yzRNdXG6q8
AHEM!! The vore is NOT to exit NATO but EU..","['brexit', 'eureform']"
12,12,12,12,12,12,12,1074181,742378274614054912,2481539501,neutral,other,2016-06-13T15:29:08.000Z,@SophyRidgeSky so much for equality!could she not make up her own mind?#EqualityAct #Brexit #eureform,"['brexit', 'eureform']"
13,13,13,13,13,13,13,42721,694501169729818624,4715989223,positive,other,2016-02-02T12:42:36.000Z,Does the Govt. really think this will win over the wavering 'Out' vote? They really are clueless! #eureform #Brexit  https://t.co/yLv8stApYt,"['brexit', 'eureform']"
14,14,14,14,14,14,14,181476,702232524269953024,3192197441,positive,leave,2016-02-23T20:44:15.000Z,European Unions structure of layers of control makes #eureform  Impossible. Like layers of defence against change #EUreferendum #Brexit,"['brexit', 'eureform', 'eureferendum']"
15,15,15,15,15,15,15,164136,701837431008583680,121855199,negative,remain,2016-02-22T18:34:17.000Z,"the deception, the lies, blatant mistruths; almost as bad as Blair + Brown, right? #eureferendum #eureform #brexit  https://t.co/kHN9CmXFsW","['brexit', 'eureform', 'eureferendum']"
16,16,16,16,16,16,16,165989,701871347136339968,121855199,negative,other,2016-02-22T20:49:03.000Z,"gosh, siemens will collapse after #brexit. (talk about hysteria and a shocking admission) #eureform #EUreferendum #brexit","['brexit', 'eureform', 'eureferendum', 'brexit']"
17,17,17,17,17,17,17,53834,695605434393239552,633959657,negative,remain,2016-02-05T13:50:33.000Z,David Cameron hasn't just failed to secure any substantive #EUreform. He has also confirmed our EU influence is a myth. #Brexit #LeaveEU,"['brexit', 'eureform', 'leaveeu']"
18,18,18,18,18,18,18,48582,694979319651766272,171584438,negative,other,2016-02-03T20:22:36.000Z,"#mep @DianeDoddsMEP ""Cameron has failed: a faux battle that resulted in keeping the status quo"" https://t.co/sUh0aPimlP #brexit #eureform","['brexit', 'eureform', 'mep']"
19,19,19,19,19,19,19,123509,701040857395421184,121855199,negative,other,2016-02-20T13:48:59.000Z,#June23 is bang in the midst of burdensome migration + mass drownings due to shameful #merkel|istan. #brexit looks likely. #eureform,"['brexit', 'merkel|istan', 'eureform', 'june23']"
20,20,20,20,20,20,20,218318,703558388396003328,3297922053,neutral,other,2016-02-27T12:32:45.000Z,"#BREAKING: #Brexit #voters more likely to turn out in #force, #poll finds. #EUreferendum #LeaveEU #brexitrisks #UKinEU #EURIP #eureform","['brexitrisks', 'eurip', 'force', 'brexit', 'breaking', 'eureform', 'ukineu', 'eureferendum', 'leaveeu', 'voters', 'poll']"
21,21,21,21,21,21,21,46500,694825967748042752,135096804,negative,remain,2016-02-03T10:13:14.000Z,#britain's largely #eurosceptic press accuses #Cameron of selling out @Reuters https://t.co/wqGbbYEyGX #EUreform #EUreferendum #Brexit,"['cameron', ""britain's"", 'eurosceptic', 'eureform', 'brexit', 'eureferendum']"
22,22,22,22,22,22,22,95528,700344692580425728,186793840,negative,leave,2016-02-18T15:42:41.000Z,"Footage: #EU fox eats lame duck #Cameron for breakfast.

#Brexit
#EUreferendum
#EUdeal
#euref
#EUreform  https://t.co/dGNExOh0T0","['cameron', 'eudeal', 'euref', 'eureform', 'brexit', 'eureferendum', 'eu']"
23,23,23,23,23,23,23,45710,694792693256491008,36063034,positive,other,2016-02-03T08:01:01.000Z,Used car salesman #Cameron gets equivalent of Top Gear trouncing from UK press on his dodgy affordable car offer #EUreform #Brexit,"['cameron', 'eureform', 'brexit']"
24,24,24,24,24,24,24,43060,694516878677508096,135096804,neutral,leave,2016-02-02T13:45:02.000Z,"#Cameron says if he does not get a deal on February 18, he will take “as long as I need” @guardian https://t.co/uwYfQC6Vu7 #Brexit #EUreform","['cameron', 'eureform', 'brexit']"
25,25,25,25,25,25,25,72377,698421118529638400,251502287,neutral,remain,2016-02-13T08:19:05.000Z,Is #Cameron really after a #EUReform refusal so that he can campaign for #Brexit ?,"['cameron', 'eureform', 'brexit']"
26,26,26,26,26,26,26,129070,701251069549146112,3364698892,negative,other,2016-02-21T03:44:18.000Z,My dog boris. after months from the heart grow fonder #Cameron #EUreform #Boris #Brexit &amp; it's breath awaiting his PM resigns in secret EU,"['cameron', 'eureform', 'brexit', 'boris']"
27,27,27,27,27,27,27,54241,695639389981011968,135096804,neutral,other,2016-02-05T16:05:29.000Z,#Cameron will explain his views on #Brexit debate in EU Parliament on February 16: press review https://t.co/TwbvI1D4pO #EUreform #euref,"['cameron', 'eureform', 'brexit', 'euref']"
28,28,28,28,28,28,28,52881,695542813954613248,135096804,neutral,other,2016-02-05T09:41:44.000Z,#Cameron will explain his views on #Brexit debate in EU Parliament on February 16 @POLITICOEurope https://t.co/UW6HMwGu1e #EUreform #euref,"['cameron', 'eureform', 'brexit', 'euref']"
29,29,29,29,29,29,29,33019,692741898813992960,135096804,neutral,other,2016-01-28T16:11:53.000Z,EU's Tusk will meet UK PM #Cameron in London late Sunday: press review https://t.co/TwbvI1D4pO #Brexit #EUreferendum #EUreform #euref,"['cameron', 'eureform', 'euref', 'brexit', 'eureferendum']"
30,30,30,30,30,30,30,53832,695605416689061888,135096804,positive,remain,2016-02-05T13:50:29.000Z,Only 22% of British voters think the proposed #EUreform deal is a good one https://t.co/iUT7x3sD3F #Brexit #EUreferendum #Cameron #Europe,"['cameron', 'eureform', 'europe', 'brexit', 'eureferendum']"
31,31,31,31,31,31,31,46435,694823197078872064,135096804,positive,remain,2016-02-03T10:02:14.000Z,Most of the British press lashes #Cameron's EU settlement @guardian https://t.co/UJ7dfnP4A3 #EUreform #EUreferendum #Brexit #UKinEU #euref,"[""cameron's"", 'eureform', 'euref', 'brexit', 'ukineu', 'eureferendum']"
32,32,32,32,32,32,32,174201,702081186928181248,108667698,neutral,other,2016-02-23T10:42:53.000Z,Read our #dailypressreview of Italian dailies at https://t.co/uTEdFQuzNQ. #brexit #CivilUnions #EUreform https://t.co/It3LrqvhHg,"['civilunions', 'eureform', 'brexit', 'dailypressreview']"
33,33,33,33,33,33,33,1104057,742697798810935296,2481539501,negative,remain,2016-06-14T12:38:48.000Z,@SkyNews that's nothing for such a Corrupted group &amp; it's only what we know #Brexit #eureform #corruption,"['corruption', 'brexit', 'eureform']"
34,34,34,34,34,34,34,111286,700802826390343680,2964638032,positive,other,2016-02-19T22:03:08.000Z,So what does this all mean #DavidCameron better quality drugs from #europe #more #dutchtrance?  #EUreform #EUreferendum #Brexit,"['davidcameron', 'europe', 'dutchtrance?', 'more', 'eureform', 'brexit', 'eureferendum']"
35,35,35,35,35,35,35,43947,694578362724028416,633959657,neutral,leave,2016-02-02T17:49:20.000Z,#EUreferendum choice is about #democracy &amp; Britain's future place in the world; so much more than David Cameron's minor #EUreform. #Brexit,"['democracy', 'brexit', 'eureform', 'eureferendum']"
36,36,36,36,36,36,36,1961641,746294143861796864,331662148,neutral,leave,2016-06-24T10:49:24.000Z,Over the past few years the EU history has entered to a new era. The urge for reforming is inevitable now. #EUreform #democracy #Brexit,"['democracy', 'eureform', 'brexit']"
37,37,37,37,37,37,37,52956,695547566893744128,3297922053,negative,other,2016-02-05T10:00:37.000Z,#BREAKING: #Pressure on @David_Cameron as #poll suggests #voters #edging towards #Brexit. #UKinEU #ReferendumNow #EUreform #asylumseekers,"['edging', 'pressure', 'eureform', 'breaking', 'ukineu', 'asylumseekers', 'referendumnow', 'voters', 'brexit', 'poll']"
38,38,38,38,38,38,38,166208,701875459173326848,121855199,negative,leave,2016-02-22T21:05:24.000Z,The Great Myth of EU Tariffs: https://t.co/ThdzdEeC6k #eu #deception #eureform #brexit #eureferendum,"['eu', 'deception', 'eureform', 'eureferendum', 'brexit']"
39,39,39,39,39,39,39,1742649,746215329072709632,268898706,positive,other,2016-06-24T05:36:13.000Z,"OK. #Brexit won. #EU needs a kick in the a$$ and start reforming itself or other members will try to exit, too. #EUReform #EURef","['eu', 'eureform', 'brexit', 'euref']"
40,40,40,40,40,40,40,23123,690540454362910720,38418701,positive,remain,2016-01-22T14:24:08.000Z,"If Cameron's reforms of the EU actually happen, I'm almost certain I'll vote to stay in. #eu #Brexit #EUreferendum #EUReform","['eu', 'eureform', 'brexit', 'eureferendum']"
41,41,41,41,41,41,41,23127,690540748241002496,38418701,negative,leave,2016-01-22T14:25:18.000Z,"If those reforms don't materialise, then I think I'll have to vote to leave. #eu #Brexit #EUreferendum #EUReform","['eu', 'eureform', 'brexit', 'eureferendum']"
42,42,42,42,42,42,42,167223,701897556037672960,121855199,neutral,leave,2016-02-22T22:33:12.000Z,This is what a disparity of #eu nations does: https://t.co/ZhDwktMjnc #eureferendum #eureform #brexit #newsnight https://t.co/RarjDii1BE,"['eu', 'eureform', 'eureferendum', 'newsnight', 'brexit']"
43,43,43,43,43,43,43,42573,694494924159488000,121855199,positive,leave,2016-02-02T12:17:47.000Z,#eureform should not be about #eu nations deciding how many global travelers UK welcomes to OUR shores! We do plenty! #brexit #leaveeu,"['eu', 'eureform', 'leaveeu', 'brexit']"
44,44,44,44,44,44,44,42579,694495154934280192,121855199,neutral,leave,2016-02-02T12:18:42.000Z,#eureform should not be about disparate #eu nations burdening those at the top of the tree with anything impacting! #brexit ASAP!!! #leaveeu,"['eu', 'eureform', 'leaveeu', 'brexit']"
45,45,45,45,45,45,45,103952,700660505438892032,121855199,positive,other,2016-02-19T12:37:36.000Z,#uk is a vast net trade importer supporting #eu trade of nations that want us bled dry. #brexit the fascism: #eureform,"['eu', 'eureform', 'uk', 'brexit']"
46,46,46,46,46,46,46,166089,701873377913470976,121855199,negative,leave,2016-02-22T20:57:08.000Z,#eu isn't working for Britain - but sure is burdening Britons: https://t.co/DY40MszKi4 #eureform #eureferendum #brexit #grassrootsout,"['eu', 'grassrootsout', 'eureform', 'eureferendum', 'brexit']"
47,47,47,47,47,47,47,165388,701860276585545728,121855199,positive,leave,2016-02-22T20:05:04.000Z,"Britain is getting Great again and #eu want this hidden:
#eureferendum #eureform = #brexit #grassrootsout #voteleave https://t.co/QBrByvPQfG","['eu', 'grassrootsout', 'eureform', 'eureferendum', 'voteleave', 'brexit']"
48,48,48,48,48,48,48,101330,700601278724837376,121855199,neutral,other,2016-02-19T08:42:16.000Z,#eureform The 5th global economy is having to negotiate its place in #eu b/c of #merkel. #brexit #sayno 2 #euparl #euco #ep,"['eu', 'merkel', 'eureform', 'euparl', 'sayno', 'euco', 'brexit', 'ep']"
49,49,49,49,49,49,49,517463,722452393401708544,9878392,neutral,leave,2016-04-19T15:50:47.000Z,Mr Gove is right https://t.co/P7mMrhgzqi #brexit #eu #Britain #eureform #reform #referendum,"['eu', 'referendum', 'eureform', 'reform', 'brexit', 'britain']"
50,50,50,50,50,50,50,121059,701013708449980416,121855199,neutral,leave,2016-02-20T12:01:06.000Z,The money handed out by #euparl comes from #eu28 nations + GB/UK loses 40pc in the cycle. #eureform = #brexit https://t.co/unYUZzzrqi,"['eu28', 'euparl', 'eureform', 'brexit']"
51,51,51,51,51,51,51,83030,699548931370446848,65322179,neutral,other,2016-02-16T11:00:36.000Z,"France says ""still work to be done"" on #UKinEU deal - esp on Euro/Non-Euro issue: https://t.co/e8CdLfoFTT #EUCO #EURef #Brexit #EUReform","['euco', 'brexit', 'euref', 'ukineu', 'eureform']"
52,52,52,52,52,52,52,151350,701708523298758656,43081691,positive,other,2016-02-22T10:02:03.000Z,A blow-by-blow run-down of how the UK secured its #UKinEU deal last week: https://t.co/NKLUJDooIT #EUCO #EURef #EUReform #Brexit,"['euco', 'brexit', 'euref', 'ukineu', 'eureform']"
53,53,53,53,53,53,53,70765,698100772580519936,65322179,neutral,other,2016-02-12T11:06:08.000Z,Spain's Podemos calls on PM Rajoy to veto UK-EU deal: https://t.co/vjUU6nNyqc #EUCO #EURef #Brexit #EUReform,"['euco', 'euref', 'eureform', 'brexit']"
54,54,54,54,54,54,54,68448,697777797117386752,17389795,negative,other,2016-02-11T13:42:45.000Z,France rejects special treatment for UK banks in EU package https://t.co/d909F15dIX via @Reuters #eureform #EUCO #brexit,"['euco', 'eureform', 'brexit']"
55,55,55,55,55,55,55,93667,700284403327635456,65322179,negative,other,2016-02-18T11:43:07.000Z,Unwillingness of some to discuss fundamental #EUreform has limited scope of renegotiation. #EUCO liveblog: https://t.co/u8mCUn1Q1b #Brexit,"['euco', 'eureform', 'brexit']"
56,56,56,56,56,56,56,102098,700618879219798016,135096804,neutral,other,2016-02-19T09:52:12.000Z,"EU leaders take up the cudgels for a 2nd day today, still with a lot of work to do @FRANCE24 https://t.co/9tgYHOAjnx #Brexit #EUCO #EUreform","['euco', 'eureform', 'brexit']"
57,57,57,57,57,57,57,98258,700450734962319360,337862963,negative,remain,2016-02-18T22:44:03.000Z,"""We can't continue this fight."" #EUreform needed, special status or #Brexit. #EUCO  https://t.co/vQxDewNe6Q","['euco', 'eureform', 'brexit']"
58,58,58,58,58,58,58,102144,700619821604433920,135096804,neutral,remain,2016-02-19T09:55:57.000Z,"#EUreform deal at #EUCO still seems feasible by the end of summit today, @Reuters cites diplomats https://t.co/ajWcGMRshJ #Brexit #euref","['euco', 'eureform', 'brexit', 'euref']"
59,59,59,59,59,59,59,13099,687674329744707584,2273497872,neutral,other,2016-01-14T16:35:11.000Z,"#EUreform deal possible by Feb #EUCO, says #Brexit taskforce chief @FaullJonathan

https://t.co/qhC7oeYBXK #EUref https://t.co/Rtj3jyxRD4","['euco', 'eureform', 'brexit', 'euref']"
60,60,60,60,60,60,60,83024,699548739527184384,65322179,neutral,other,2016-02-16T10:59:51.000Z,"Martin Schulz: MEPs do not have a ""veto"" on Cameron's #EUReform deal: https://t.co/e8CdLfoFTT #EUCO #Brexit #EURef","['euco', 'eureform', 'brexit', 'euref']"
61,61,61,61,61,61,61,93068,700267950998228992,65322179,neutral,leave,2016-02-18T10:37:44.000Z,We'll bring you key reaction and developments on our #EUCO liveblog: https://t.co/u8mCUn1Q1b #Brexit #EUreform #EURef,"['euco', 'eureform', 'brexit', 'euref']"
62,62,62,62,62,62,62,12796,687604362340876288,21223877,neutral,other,2016-01-14T11:57:09.000Z,#Brexit taskforce chief @FaullJonathan says #EUreform deal possible by Feb #EUCO https://t.co/Gyk8g3Yj83 #EUref https://t.co/8FCQAhbe8U,"['euco', 'eureform', 'brexit', 'euref']"
63,63,63,63,63,63,63,46124,694809135787970560,1412631595,negative,other,2016-02-03T09:06:21.000Z,"""‘More #Europe’ is solution, not the problem"" says @PascalLamyEU https://t.co/vhb8KdpRUS #UKinEU #EU #Brexit #StrongerIn #EUCO #EUreform","['euco', 'eureform', 'brexit', 'ukineu', 'eu', 'europe’', 'strongerin']"
64,64,64,64,64,64,64,95748,700351321262682112,478471916,negative,other,2016-02-18T16:09:01.000Z,Isn't #brexit the real dodgy 2nd hand car you can't even test before you buy ? ?? ? #EUreform #EUreferendum #EUCO  https://t.co/wewiPgj8mE,"['euco', 'eureform', 'eureferendum', 'brexit']"
65,65,65,65,65,65,65,94454,700309739759149056,1327843160,neutral,other,2016-02-18T13:23:47.000Z,.@POLITICOEurope live update of the #EUCO meeting https://t.co/xFnL6wAJTF #EUSummit #Brexit #EUreferendum #EUreform #RefugeeCrisis #refugees,"['euco', 'eureform', 'eusummit', 'brexit', 'refugees', 'eureferendum', 'refugeecrisis']"
66,66,66,66,66,66,66,102615,700631475192885248,65322179,neutral,other,2016-02-19T10:42:15.000Z,Where do we stand on limiting EU migrants' access to welfare? https://t.co/u8mCUmKeCB #EUCO #Brexit #UKinEU #EUreform,"['euco', 'eureform', 'ukineu', 'brexit']"
67,67,67,67,67,67,67,94287,700304188924887040,135096804,positive,other,2016-02-18T13:01:44.000Z,EU's #juncker: “I’m quite confident that we will have a deal” @business https://t.co/tcawNXc2re #EUCO #EUreform #UKinEU #euref #Brexit,"['euco', 'juncker', 'eureform', 'euref', 'brexit', 'ukineu']"
68,68,68,68,68,68,68,2341935,746595865498890240,93207353,neutral,other,2016-06-25T06:48:20.000Z,"After #Brexit UK Association Agreement, but no real #EUreform, #euco? https://t.co/t3UioDtRMF","['euco?', 'brexit', 'eureform']"
69,69,69,69,69,69,69,42602,694496126658068480,633959657,neutral,leave,2016-02-02T12:22:34.000Z,"- @BBCNormanS How will opt out from 'ever closer union' work in relation to ECJ judgements, for example? #EUdeal #EUreform #Brexit #LeaveEU","['eudeal', 'eureform', 'brexit', 'leaveeu']"
70,70,70,70,70,70,70,128876,701203692054302720,186793840,positive,other,2016-02-21T00:36:02.000Z,"Would @sajidjavid please explain what the 'major reform' is?

#EUreferendum #EUDebate #EUreform #euref #Brexit https://t.co/AanrF8Wda4","['eudebate', 'eureform', 'euref', 'brexit', 'eureferendum']"
71,71,71,71,71,71,71,73314,698583282510909440,3297922053,neutral,other,2016-02-13T19:03:28.000Z,#BREAKING: #Brexit #campaigners #blast #PM's 'feeble'. #EUdeal #UKinEU #UKexit #EUexit #EUdebt #EUreform #referendum2016 #asylumseekers,"['eudebt', 'eudeal', 'blast', 'ukexit', 'eureform', 'brexit', 'breaking', 'referendum2016', ""pm's"", 'ukineu', 'asylumseekers', 'campaigners', 'euexit']"
72,72,72,72,72,72,72,42852,694506980455661568,253615321,neutral,other,2016-02-02T13:05:42.000Z,Brexit talks: Draft plan for new terms of UK's EU membership unveiled @CNNI https://t.co/zeUDtHkhEm #Brexit #euref #eureform,"['euref', 'brexit', 'eureform']"
73,73,73,73,73,73,73,41191,694406767279751168,253615321,positive,other,2016-02-02T06:27:29.000Z,Cameron and Tusk reach accord on concessions to UK - Irish Sun https://t.co/13mbgzLer7 via @sharethis #Brexit #euref #eureform,"['euref', 'brexit', 'eureform']"
74,74,74,74,74,74,74,257770,705389989761302528,253615321,positive,other,2016-03-03T13:50:53.000Z,France would end Calais camp and woo bankers post #Brexit: Macron https://t.co/OLW7JxlSWB #euref #eureform,"['euref', 'brexit', 'eureform']"
75,75,75,75,75,75,75,42576,694495028987695104,136274193,neutral,other,2016-02-02T12:18:12.000Z,"So that's the draft EU negotiation of 'substantial reforms'. Much ado about nothing.
#Brexit #euref #eureform https://t.co/az9rUdJ7dB","['euref', 'brexit', 'eureform']"
76,76,76,76,76,76,76,41731,694465127651872768,136274193,negative,other,2016-02-02T10:19:23.000Z,"A Tory Prime Minister fighting to remain in a bloated, failing socialist superstate. Perverse.
#Brexit #euref #eureform","['euref', 'brexit', 'eureform']"
77,77,77,77,77,77,77,35189,693125227836932096,4439214441,neutral,other,2016-01-29T17:35:06.000Z,Some analysis of the 'emergency brake' by @OpenEurope #EUreferendum #euref #eureform #Brexit https://t.co/0DNxrCqpfB,"['euref', 'brexit', 'eureform', 'eureferendum']"
78,78,78,78,78,78,78,31519,692387391655579648,253615321,negative,other,2016-01-27T16:43:12.000Z,What Does Cameron's Cancelled Trip Tell Us? https://t.co/qv5jgYO2K8 #brexit #euref #eureform Did Berlin go too far?,"['euref', 'eureform', 'brexit']"
79,79,79,79,79,79,79,43130,694521918746046464,53036676,neutral,other,2016-02-02T14:05:03.000Z,All you need to know about the EU referendum: https://t.co/zCBzo9hFgl #euref #brexit #eureform,"['euref', 'eureform', 'brexit']"
80,80,80,80,80,80,80,484029,720573860358262784,253615321,neutral,remain,2016-04-14T11:26:10.000Z,"Well done, Jeremy Corbyn, for getting off the fence on Europe | Polly Toynbee https://t.co/s2v99zhD6J #brexit #EUreform #EUref","['euref', 'eureform', 'brexit']"
81,81,81,81,81,81,81,83073,699550812272373760,65322179,negative,remain,2016-02-16T11:08:05.000Z,House of Lords report warns Britain’s global influence would be damaged if it left EU: https://t.co/HPmlF313h3 #EURef #Brexit #EUReform,"['euref', 'eureform', 'brexit']"
82,82,82,82,82,82,82,71461,698197179517837312,43081691,neutral,other,2016-02-12T17:29:14.000Z,"Revealed by Bob Corker, the chair of the US Senate foreign relations committee. #EURef #EUReform #Brexit  https://t.co/eWklfOjHcT","['euref', 'eureform', 'brexit']"
83,83,83,83,83,83,83,32411,692650546138845184,253615321,negative,other,2016-01-28T10:08:53.000Z,"U.K.-EU Discussions Must Avoid Tyranny of the Veto, Study Says https://t.co/5b0SjT7Sj7 via @business #brexit #euref #eureform","['euref', 'eureform', 'brexit']"
84,84,84,84,84,84,84,264002,705662847590735872,253615321,negative,other,2016-03-04T07:55:08.000Z,"‘Brexit’ carries risks for both U.K., Europe     https://t.co/s1583vqJYz via @WSJ #brexit #euref #eureform","['euref', 'eureform', 'brexit']"
85,85,85,85,85,85,85,5387,685049159422996480,65322179,positive,other,2016-01-07T10:43:41.000Z,Cameron appeals to Merkel and German public to secure support from 'key ally': https://t.co/ZU7MKbQ2Ox #EURef #Brexit #EUReform,"['euref', 'eureform', 'brexit']"
86,86,86,86,86,86,86,93975,700294584660844544,253615321,neutral,leave,2016-02-18T12:23:34.000Z,New UK reform text means 'long night:' Czech negotiator https://t.co/Ar1xVbsynB via @POLITICOEurope #euref #eureform #brexit,"['euref', 'eureform', 'brexit']"
87,87,87,87,87,87,87,48012,694918942624714752,253615321,positive,remain,2016-02-03T16:22:41.000Z,Europe to UK: 'We love you! Now tell us how you feel' https://t.co/lqjPy6QTI7 via @POLITICOEurope #brexit #euref #eureform,"['euref', 'eureform', 'brexit']"
88,88,88,88,88,88,88,134539,701396427621142528,253615321,neutral,other,2016-02-21T13:21:54.000Z,EU's real brake isn't Britain but Franco-German impasse https://t.co/cb7MiEQixH via @YahooIndia #euref #eureform #brexit,"['euref', 'eureform', 'brexit']"
89,89,89,89,89,89,89,46424,694822768349724672,3011256515,negative,remain,2016-02-03T10:00:31.000Z,"Make NO mistake.
A simple choice:
1) #Brexit (LEAVE)
2) Federal Europe (STAY)
#EURef #EUReform #Brexit
https://t.co/pYrPN1aKiN","['euref', 'eureform', 'brexit']"
90,90,90,90,90,90,90,48328,694950658961727488,121855199,neutral,leave,2016-02-03T18:28:43.000Z,#euref #eureform #EUreferendum #BREXIT #LEAVEEU #IMLEAVEBECAUSE OF THE FUDGE! https://t.co/whmV9l93ur,"['euref', 'eureform', 'brexit', 'eureferendum', 'imleavebecause', 'leaveeu']"
91,91,91,91,91,91,91,34180,693021856731914240,65322179,neutral,other,2016-01-29T10:44:21.000Z,Brussels pushes emergency brake on benefits as compromise deal in UK' #EURenegotiation: https://t.co/eWXaEMblAT #EURef #EUReform #Brexit,"['euref', 'eureform', 'brexit', 'eurenegotiation']"
92,92,92,92,92,92,92,44298,694610372691632128,121855199,neutral,leave,2016-02-02T19:56:32.000Z,@SkyNews Who is this @timfarron man anyway??? #brexit #voteleave #leaveeu #sayno #imleavebeacuse of the fudge! #euref #eureform,"['euref', 'eureform', 'imleavebeacuse', 'sayno', 'leaveeu', 'voteleave', 'brexit']"
93,93,93,93,93,93,93,43409,694555048894926848,121855199,positive,other,2016-02-02T16:16:42.000Z,Pollee Tickle Times ▸ today's top stories: https://t.co/T6GjEkUNko #brexit #sayno #EUreferendum #euref #eureform https://t.co/H5FtOHCcJO,"['euref', 'eureform', 'sayno', 'eureferendum', 'brexit']"
94,94,94,94,94,94,94,314055,708189300878278656,253615321,neutral,remain,2016-03-11T07:14:21.000Z,"Chinese investment up in Europe, down in UK https://t.co/oOSsL1tMkT via @CityAM #investEU #brexit #euref #eureform","['euref', 'investeu', 'eureform', 'brexit']"
95,95,95,95,95,95,95,734207,733915709315682304,720098948736790528,neutral,leave,2016-05-21T07:01:55.000Z,Remainers view of the EU ? #euref #brexit #no2eu #notoeu #voteout #eureform #leaveeu #voteleave #loveeuropeleaveeu https://t.co/N6e9BpTBsb,"['euref', 'no2eu', 'voteout', 'eureform', 'notoeu', 'leaveeu', 'voteleave', 'brexit', 'loveeuropeleaveeu']"
96,96,96,96,96,96,96,88392,699973530079858688,253615321,positive,other,2016-02-17T15:07:49.000Z,5 things on Merkel's to-do list to save Europe https://t.co/pKme1xIv2S via @TheLocalGermany #Brexit #refugeecrisis #eureform #euref,"['euref', 'refugeecrisis', 'brexit', 'eureform']"
97,97,97,97,97,97,97,1335980,744930677993447424,393002721,positive,other,2016-06-20T16:31:28.000Z,"@declanganley If #Brexit isn't the best trigger for #EUreform, what is? #Euref isn't binding so couldn't it be beginning of #rEUformation ?","['euref', 'reuformation', 'brexit', 'eureform']"
98,98,98,98,98,98,98,166151,701874439521173504,121855199,positive,other,2016-02-22T21:01:21.000Z,"When told #eu is best you ask for the data, don't you? https://t.co/DY40MszKi4 #eureform #brexit #eureferendum https://t.co/svAIwJgMq4","['eureferendum', 'eu', 'eureform', 'brexit']"
99,99,99,99,99,99,99,48696,694993283135717376,121855199,positive,other,2016-02-03T21:18:05.000Z,When I'm King: Growing Pains: https://t.co/XJhIIkKX97 / via @Battsby #euref #eureform #brexit #eureferendum https://t.co/T4J4oDpxiD,"['eureferendum', 'euref', 'eureform', 'brexit']"
100,100,100,100,100,100,100,96611,700376615042359296,121855199,negative,other,2016-02-18T17:49:32.000Z,"""..Obama's intervention - a bitter, incoherent whinge from a closet Islamist…"" https://t.co/VcvcAHbowR #eureform #brexit #eureferendum","['eureferendum', 'eureform', 'brexit']"
101,101,101,101,101,101,101,98483,700460637772771328,121855199,neutral,other,2016-02-18T23:23:24.000Z,#brexit baby! #eureform #eureferendum #euco https://t.co/UCHaRYmhGt,"['eureferendum', 'eureform', 'euco', 'brexit']"
102,102,102,102,102,102,102,104422,700671943670796288,121855199,neutral,other,2016-02-19T13:23:03.000Z,"greece, belgium, austria, france, slovakia, throwing grenades in the #eusummit. #brexit #eureform #eureferendum https://t.co/jtSq1CSKmf","['eureferendum', 'eureform', 'eusummit', 'brexit']"
103,103,103,103,103,103,103,104964,700682978704257024,121855199,negative,leave,2016-02-19T14:06:54.000Z,#eusummit: against limits to in-work benefits: https://t.co/deYfZblhTg #eureform #brexit #eureferendum https://t.co/wqykOlX94F,"['eureferendum', 'eureform', 'eusummit', 'brexit']"
104,104,104,104,104,104,104,140571,701481990663618560,121855199,neutral,other,2016-02-21T19:01:54.000Z,david cameron is a f-eu-lure: #brexit #grassrootsout #eureform #eureferendum https://t.co/0yb4EBQmko,"['eureferendum', 'grassrootsout', 'eureform', 'brexit']"
105,105,105,105,105,105,105,1995555,746337870915469312,59132894,neutral,other,2016-06-24T13:43:09.000Z,"Pull yourself together, Europe! President Wend on the Brexit shock &amp; opportunity 4 #EUReform https://t.co/at0UB9jjC9 https://t.co/8oIgnhaHea",['eureform']
106,106,106,106,106,106,106,1472951,745717665487028224,485127727,positive,remain,2016-06-22T20:38:40.000Z,"If ""Brexit"" win the referendum, we are moving to Cyprus. Research and careful consideration says to Leave is 2 high a risk. #EUReform needed",['eureform']
107,107,107,107,107,107,107,106825,700728259156303872,22619427,negative,other,2016-02-19T17:06:50.000Z,"Pathetic if the nay sayers use the lengthened renegotiations to argue for #Brexit! If there's a deal, let's see it then decide #EUreform","['eureform', 'brexit']"
108,108,108,108,108,108,108,49536,695166476744056832,381062532,positive,leave,2016-02-04T08:46:18.000Z,@plegrain optimistic - maybe fatalistic - take on #EUreform deal: Cameron couldn't have done any better https://t.co/xwcuyBlhgw #Brexit,"['eureform', 'brexit']"
109,109,109,109,109,109,109,101078,700595205267808256,4690756554,neutral,other,2016-02-19T08:18:08.000Z,"Full interview with MEP @SanderLoones for @rtlinfo herebelow:-
#brexit #EUreform  https://t.co/W9Wsj5xoSt","['eureform', 'brexit']"
110,110,110,110,110,110,110,150525,701702117342449664,117060803,positive,other,2016-02-22T09:36:36.000Z,What would the impact of #Brexit have on the legal sector? Read our report here: https://t.co/nOahziXyoF     #EUReform,"['eureform', 'brexit']"
111,111,111,111,111,111,111,16945,689041356874985472,43081691,positive,other,2016-01-18T11:07:15.000Z,Six days till we live-simulate #EUReform and #Brexit negotiations with Europe's top politicians: https://t.co/dPv4z5BCbq,"['eureform', 'brexit']"
112,112,112,112,112,112,112,147695,701677812105654272,1920431011,neutral,other,2016-02-22T08:00:01.000Z,#Brexit deal: Reaction across continental Europe - https://t.co/k3RFrSjKyI https://t.co/Ty3ZGHMbpU via @FT #EUreform (jn),"['eureform', 'brexit']"
113,113,113,113,113,113,113,27277,691648373456257024,171584438,negative,other,2016-01-25T15:46:37.000Z,"Sammy Wilson (DUP) ""EU has no reason to accept #EUreform without a threat of #brexit."" https://t.co/646VxOLwPl","['eureform', 'brexit']"
114,114,114,114,114,114,114,96078,700359192637534208,117060803,positive,other,2016-02-18T16:40:18.000Z,What would the impact of #Brexit have on the legal sector? Read our report here: https://t.co/nOahziXyoF   #EUReform,"['eureform', 'brexit']"
115,115,115,115,115,115,115,452077,718435139043397632,50007070,positive,leave,2016-04-08T13:47:39.000Z,"@MoravianPhil @nicholasjf1""we need a union"" Yes ?... so why #Brexit ? Push for change from within.. without risk etc #EUreform needed","['eureform', 'brexit']"
116,116,116,116,116,116,116,45490,694780801460867072,361438286,neutral,other,2016-02-03T07:13:46.000Z,David Cameron can polish up his #EUreform deal but a turd is a turd is a turd #Brexit .... https://t.co/y5VPOY1gMp,"['eureform', 'brexit']"
117,117,117,117,117,117,117,39196,694094329774751744,633959657,negative,other,2016-02-01T09:45:58.000Z,"Desperate, last-minute stuff from the PM over his EU renegotiation? Or expectation management? &gt;&gt; https://t.co/Kn8DNPweQq #EUreform #Brexit","['eureform', 'brexit']"
118,118,118,118,118,118,118,163691,701830454639521792,2801558594,neutral,leave,2016-02-22T18:06:34.000Z,Our director @vbartovic contributed to @ecfr's Britain in Europe Renegotiation Scorecard. See here https://t.co/36PsFfqsWo #EUReform #Brexit,"['eureform', 'brexit']"
119,119,119,119,119,119,119,45387,694774876498968576,303759184,neutral,other,2016-02-03T06:50:13.000Z,Draft EU deal: What Cameron wanted and what he got #EUreform #Brexit  https://t.co/2DyAZEefyU,"['eureform', 'brexit']"
120,120,120,120,120,120,120,110004,700790771193085952,3403947947,neutral,other,2016-02-19T21:15:14.000Z,Live coverage here from the BBC #EUreform #Brexit  https://t.co/EhzC3cuSo4,"['eureform', 'brexit']"
121,121,121,121,121,121,121,71320,698174396712800256,208774982,negative,remain,2016-02-12T15:58:42.000Z,"#EUreform Draft Decision document far from not worth the paper you thought it probably wasn't written on https://t.co/paI5RhbluQ 
#brexit","['eureform', 'brexit']"
122,122,122,122,122,122,122,46866,694845289220431872,718651225,positive,other,2016-02-03T11:30:01.000Z,great debate #EUreform vs #Brexit watch the replica on @SkyTG24 ch. 504-505 https://t.co/BkLUnV6oQq,"['eureform', 'brexit']"
123,123,123,123,123,123,123,1935872,746283990752108544,390027882,neutral,remain,2016-06-24T10:09:03.000Z,President @AndrzejDuda on #Brexit: Europe must stay united to prevent domino effect. #EUreform needed. https://t.co/TBO9AhHTBL,"['eureform', 'brexit']"
124,124,124,124,124,124,124,46221,694812854554353664,3292042493,neutral,other,2016-02-03T09:21:08.000Z,_RT_ Stewart4Pboro: About to do BBCCambsFaith PaulStainton Bigger Conversation on #EUreform #Brexit,"['eureform', 'brexit']"
125,125,125,125,125,125,125,12877,687620733250449408,2294632946,neutral,other,2016-01-14T13:02:12.000Z,More info about our next #EUreform #Brexit evidence session on 21 Jan will be out tomorrow https://t.co/22dJK8TGqW,"['eureform', 'brexit']"
126,126,126,126,126,126,126,67664,697689849856401408,478471916,positive,other,2016-02-11T07:53:17.000Z,Absolutely heroic. And most useful Thanks @BrunoBrussels @alexebarker #Brexit #EUreform https://t.co/neAXEHUWr0,"['eureform', 'brexit']"
127,127,127,127,127,127,127,47027,694853404238200832,2954566971,negative,leave,2016-02-03T12:02:15.000Z,Absolutely no way we could defer the #EUreform!!!  Now or never!!!  #Brexit @SkyNews,"['eureform', 'brexit']"
128,128,128,128,128,128,128,44905,694692513706315776,3011256515,positive,other,2016-02-03T01:22:56.000Z,"I hope that parasite @eucopresident has left the UK &amp; we are not paying his room &amp; board for another night.
#EUreform
#Brexit","['eureform', 'brexit']"
129,129,129,129,129,129,129,47246,694865331718864896,1001283048,positive,other,2016-02-03T12:49:39.000Z,"So, universal support for Cameron's #EUreform proposals then, 
Looks like we're all ready for #Brexit https://t.co/Zfj9FH1rwv","['eureform', 'brexit']"
130,130,130,130,130,130,130,45615,694803150390325248,370072498,neutral,remain,2016-02-03T08:42:34.000Z,Following unveiling of @David_Cameron #EUreform deal #Brexit looks more likely than ever. What deal will we be offered to rejoin I wonder?,"['eureform', 'brexit']"
131,131,131,131,131,131,131,23888,690809756907393024,93207353,positive,other,2016-01-23T08:14:15.000Z,BBC News - Cameron unlikely to win genuine ANTI #EUreform - Lord Howard https://t.co/qz2sPiRtcV #bREXIT,"['eureform', 'brexit']"
132,132,132,132,132,132,132,26595,691564343595515904,2370520092,neutral,other,2016-01-25T10:12:42.000Z,".@OpenEurope simulating #EUreform &amp; #Brexit talks throughout the day, with live audience polling from @ComResPolls  https://t.co/uh4svJVbce","['eureform', 'brexit']"
133,133,133,133,133,133,133,356988,711117147985059840,2294632946,neutral,other,2016-03-19T09:08:34.000Z,New @SP_European report says “focus on positives of EU membership” https://t.co/mmzCJsxqEG #Brexit #EUreform,"['eureform', 'brexit']"
134,134,134,134,134,134,134,16923,689037291415797760,3309139420,positive,other,2016-01-18T10:51:06.000Z,Nxt week @OpenEurope will simulate negotiations on #EUreform &amp; #Brexit w top EU politicians https://t.co/q2jvSILh4Y https://t.co/HLq3M9QakS,"['eureform', 'brexit']"
135,135,135,135,135,135,135,164823,701849313333403648,87028718,positive,other,2016-02-22T19:21:30.000Z,Cost of child benefits paid for children not living in the UK: less than £35 million. #EUReform #Brexit,"['eureform', 'brexit']"
136,136,136,136,136,136,136,2054024,746332151440900096,1471612735,neutral,remain,2016-06-24T13:20:25.000Z,The #Brexit won't happen! the British politicians are wise enough to turn this event into #EUreform,"['eureform', 'brexit']"
137,137,137,137,137,137,137,185713,702418039493496832,2294632946,neutral,other,2016-02-24T09:01:25.000Z,1/2 Tomorrow we speak to experts on #EUreform #Brexit @BoswellPol Prof John Curtice @WhatScotsThink @CCC_Research  https://t.co/IVHeivloZY,"['eureform', 'brexit']"
138,138,138,138,138,138,138,44512,694638172949602304,2409579806,neutral,other,2016-02-02T21:47:00.000Z,The final draft of @David_Cameron's EU deal is out -- What are the EU's first impressions? #EUReform #Brexit https://t.co/hNrPcFpE9s,"['eureform', 'brexit']"
139,139,139,139,139,139,139,78891,699230251654782976,1582620666,positive,other,2016-02-15T13:54:17.000Z,"Check out brilliant paper on #Brexit #EUreform by @AllenOvery 's Philip R Wood CBE, QC(Hon) https://t.co/Va1SDtOWiC","['eureform', 'brexit']"
140,140,140,140,140,140,140,54683,695685073429987328,2969760609,negative,other,2016-02-05T19:07:01.000Z,EU leaders to decide on UK’s emergency brake demand #Brexit #EUreform https://t.co/QBztWzQK9s https://t.co/is9CYtXhqN,"['eureform', 'brexit']"
141,141,141,141,141,141,141,52598,695527615285895168,17389795,neutral,other,2016-02-05T08:41:20.000Z,.@AndrewDuffEU exchanges views on #EUreform and #brexit with @DanHannanMEP https://t.co/GyR6R2Xk57 via @parlimag on @politicshome,"['eureform', 'brexit']"
142,142,142,142,142,142,142,1797873,746235151907098624,120416545,positive,leave,2016-06-24T06:54:59.000Z,Fully agree! #Brexit #EUreform https://t.co/svwD4Dz5Le,"['eureform', 'brexit']"
143,143,143,143,143,143,143,148657,701685077714067456,44424942,neutral,other,2016-02-22T08:28:53.000Z,Our Chief Executive Chris Cummings about to talk to @BBGMedia @BloombergTV about #EUreform and the deal #Brexit https://t.co/7e8P86Flb3,"['eureform', 'brexit']"
144,144,144,144,144,144,144,46161,694810574983712768,118984824,neutral,other,2016-02-03T09:12:04.000Z,About to do @BBCCambsFaith @PaulStainton Bigger Conversation on #EUreform #Brexit,"['eureform', 'brexit']"
145,145,145,145,145,145,145,96523,700372563176747008,121855199,positive,other,2016-02-18T17:33:26.000Z,Thanks to @UKIP + @Nigel_Farage #eureform is underway and influencing the media: #brexit https://t.co/Xy7ZXJ3DB4,"['eureform', 'brexit']"
146,146,146,146,146,146,146,44223,694603101010026496,2509131670,neutral,other,2016-02-02T19:27:39.000Z,Brexit for me !!! #Brexit #EUreform,"['eureform', 'brexit']"
147,147,147,147,147,147,147,33173,692771114716631040,79231168,neutral,other,2016-01-28T18:07:59.000Z,"Could there be a second EU referendum? #eureform #brexit
 https://t.co/NVSvMioThY","['eureform', 'brexit']"
148,148,148,148,148,148,148,47621,694890847184277504,2901964056,neutral,other,2016-02-03T14:31:03.000Z,@george_osborne  and how much cash will UK still have to give the EU ?   #brexit #eureform,"['eureform', 'brexit']"
149,149,149,149,149,149,149,52607,695527774816174080,890465390,neutral,other,2016-02-05T08:41:58.000Z,.@AndrewDuffEU exchanges views on #EUreform and #brexit with @DanHannanMEP https://t.co/TwcKGTcc4z via @parlimag on @politicshome,"['eureform', 'brexit']"
150,150,150,150,150,150,150,348579,710460771772338176,2294632946,neutral,other,2016-03-17T13:40:22.000Z,"Our #EUreform #Brexit inquiry report will be out 19 March on implications for Scotland of Brexit, catch up here https://t.co/2HmYhw5IMS","['eureform', 'brexit']"
151,151,151,151,151,151,151,196753,702770109157392384,2294632946,neutral,other,2016-02-25T08:20:25.000Z,Watch our discussion with #Brexit #EUreform experts https://t.co/mIg6qyyq9i live today on @ScotParl TV from 9 am CR1 https://t.co/WgH9Sp2FRK,"['eureform', 'brexit']"
152,152,152,152,152,152,152,2179204,746396337395077120,438412675,positive,leave,2016-06-24T17:35:28.000Z,Good point! The policy shortcomings of the EU leadership over many years are obvious. #Brexit #EUreform https://t.co/osM6UIZsRZ,"['eureform', 'brexit']"
153,153,153,153,153,153,153,53483,695579840511156224,2177794988,positive,other,2016-02-05T12:08:51.000Z,"Cameron's #EUreform 'victory' isn't having the desired effect, as leave camp appears to edge further ahead: https://t.co/CjGbJtMrVr #Brexit","['eureform', 'brexit']"
154,154,154,154,154,154,154,11130,687061905052184576,1909306080,neutral,remain,2016-01-13T00:01:37.000Z,Can the British pro-European cause be salvaged? - https://t.co/1Ux0SLO9wh  #Brexit #EUreform,"['eureform', 'brexit']"
155,155,155,155,155,155,155,171309,702042507148976128,282493758,positive,remain,2016-02-23T08:09:11.000Z,"If the UK leaves, what would happen with Britain's spirit of reform?#UKinEU #EUreform #Brexit #Bremain","['eureform', 'brexit', 'bremain']"
156,156,156,156,156,156,156,347744,710422025303674880,65322179,negative,other,2016-03-17T11:06:24.000Z,Die Zeit political editor: We need Britain in order to secure #EUreform https://t.co/QWs3wqQUEY #EU #Brexit,"['eureform', 'brexit', 'eu']"
157,157,157,157,157,157,157,1420217,745516725240619008,93207353,neutral,leave,2016-06-22T07:20:12.000Z,Please Leave https://t.co/2YAMsu1WZ7 via @ForeignAffairs &lt; #Brexit #euco and necessary #EUreform,"['eureform', 'brexit', 'euco']"
158,158,158,158,158,158,158,47971,694915768203493376,135096804,positive,other,2016-02-03T16:10:04.000Z,Dutch FM Koenders says #EUreform proposal paves way for an agreement at #EUCO: press review https://t.co/i7CTeMoTvu #EUreferendum #Brexit,"['eureform', 'brexit', 'euco', 'eureferendum']"
159,159,159,159,159,159,159,25112,691201438349971456,253615321,negative,other,2016-01-24T10:10:39.000Z,Wexford Echo — #Brexit would leave Ireland ‘economically disadvantaged’ says Dara Murphy https://t.co/W9jvqeInb1 #EUref #EUreform,"['eureform', 'brexit', 'euref']"
160,160,160,160,160,160,160,680992,731791194951458816,253615321,neutral,remain,2016-05-15T10:19:51.000Z,Gordon Brown could knock out Boris Johnson in a #Brexit bout https://t.co/LmyETT8JJi #EUref #EUreform,"['eureform', 'brexit', 'euref']"
161,161,161,161,161,161,161,691913,732187398344445952,253615321,negative,other,2016-05-16T12:34:13.000Z,"EU credit ratings could be cut if UK leaves, Fitch warns https://t.co/mfAV2CZCNL #Brexit #EUref #EUreform","['eureform', 'brexit', 'euref']"
162,162,162,162,162,162,162,1042868,741911014497759232,253615321,neutral,other,2016-06-12T08:32:24.000Z,Brexit voters don’t listen to elites. But they might listen to Labour https://t.co/yZyZKddICi #EUref #EUreform #Brexit,"['eureform', 'brexit', 'euref']"
163,163,163,163,163,163,163,48091,694927949737369600,65322179,neutral,other,2016-02-03T16:58:29.000Z,"""We need the Brits!"" says @BILD of draft #EUReform deal. European reactions: https://t.co/VNFqng1Jjf #EURef #Brexit https://t.co/yIHn9qIi6E","['eureform', 'brexit', 'euref']"
164,164,164,164,164,164,164,234372,704318429084454912,43081691,positive,remain,2016-02-29T14:52:53.000Z,Thoughtful piece. Very much worth a read. #EUReform #Brexit #EUref  https://t.co/AESUhP3aWg,"['eureform', 'brexit', 'euref']"
165,165,165,165,165,165,165,70783,698102386359988224,65322179,negative,other,2016-02-12T11:12:33.000Z,.@hilarybennmp: Putin won't shed any tears over #Brexit. https://t.co/AauyPgoeKt #EUReform #EURef,"['eureform', 'brexit', 'euref']"
166,166,166,166,166,166,166,121555,701019811489431552,43081691,neutral,leave,2016-02-20T12:25:22.000Z,June 23rd #EUref confirmed. #Brexit #EUreform,"['eureform', 'brexit', 'euref']"
167,167,167,167,167,167,167,34181,693022220281458688,65322179,negative,other,2016-01-29T10:45:47.000Z,".@johnredwood: Brussels emergency brake on benefits proposal is ""an insult to the UK."" https://t.co/eWXaELTKcj #EUReform #Brexit #EURef","['eureform', 'brexit', 'euref']"
168,168,168,168,168,168,168,1798214,746235269641183232,390027882,positive,leave,2016-06-24T06:55:27.000Z,"#Brexit proves #EUreform is necessary. Need to highlight membership benefits, cut red tape, foster democracy. #EUref","['eureform', 'brexit', 'euref']"
169,169,169,169,169,169,169,77392,699161400078376960,1920431011,negative,other,2016-02-15T09:20:42.000Z,British and German companies regard #Brexit as a threat | News https://t.co/iHR0TlRoQl via @Sigmalivecom #EUreferendum #EUreform (jn),"['eureform', 'brexit', 'eureferendum']"
170,170,170,170,170,170,170,34507,693053232130555904,2969760609,negative,leave,2016-01-29T12:49:01.000Z,Cameron says the #EUreform deal as-is won't make the cut. https://t.co/phgQDnLPf3 #EUreferendum #Brexit https://t.co/NB5aW4QnNO,"['eureform', 'brexit', 'eureferendum']"
171,171,171,171,171,171,171,77720,699173893664350208,1920431011,negative,other,2016-02-15T10:10:20.000Z,German poll finds one in three firms would leave UK after #Brexit https://t.co/VBvW4vtTOj via @BizMattersmag #EUreferendum #EUreform (jn),"['eureform', 'brexit', 'eureferendum']"
172,172,172,172,172,172,172,77638,699171309159186432,1920431011,positive,other,2016-02-15T10:00:04.000Z,David Cameron makes final push to win #EUreform https://t.co/nsaRDqE0me via @irishexaminer #Brexit #EUreferendum (jn),"['eureform', 'brexit', 'eureferendum']"
173,173,173,173,173,173,173,56747,696111043601436672,380326861,positive,leave,2016-02-06T23:19:40.000Z,There are certainly some costs British taxpayers would save here #Brexit #EUreferendum #EUreform  https://t.co/D2wiCAcnEG,"['eureform', 'brexit', 'eureferendum']"
174,174,174,174,174,174,174,78809,699224966772998144,1920431011,positive,other,2016-02-15T13:33:17.000Z,@britinfluence Thanks for your tweet! The #Brexit survey is available here: https://t.co/pfeGaLGPC6 #EUreferendum #EUreform (jn),"['eureform', 'brexit', 'eureferendum']"
175,175,175,175,175,175,175,32096,692609014358786048,72590033,neutral,leave,2016-01-28T07:23:51.000Z,This website by @Hugodixon fact-checks all the claims and statements the #Brexit camp makes https://t.co/pWNCbqAeit #EUreform #EUreferendum,"['eureform', 'brexit', 'eureferendum']"
176,176,176,176,176,176,176,72402,698425021883158528,303379159,neutral,other,2016-02-13T08:34:35.000Z,If your #EUreform proposal is not considered in #Brussels @David_Cameron would that potentially lead to #Brexit ? #EUreferendum,"['eureform', 'brexit', 'eureferendum', 'brussels']"
177,177,177,177,177,177,177,43387,694538424984965120,320917904,neutral,leave,2016-02-02T15:10:39.000Z,"Meet the ""sherpas"" behind #Cameron´s #EUreform package https://t.co/RVV4GwsEGK #Brexit #EUreferendum via @FT","['eureform', 'brexit', 'eureferendum', 'cameron´s']"
178,178,178,178,178,178,178,47593,694888635930394624,14808226,neutral,other,2016-02-03T14:22:15.000Z,.@JunckerEU tells divided MEPs to back EU-UK #Brexit deal https://t.co/dHn7zsXYGf #EUref #EUreform #EUreferendum https://t.co/Hev0nMNQhs,"['eureform', 'brexit', 'eureferendum', 'euref']"
179,179,179,179,179,179,179,47592,694888635896823808,570836581,neutral,other,2016-02-03T14:22:15.000Z,.@JunckerEU tells divided MEPs to back EU-UK #Brexit deal https://t.co/8lBfgawOPz #EUref #EUreform #EUreferendum https://t.co/JggAeohUUY,"['eureform', 'brexit', 'eureferendum', 'euref']"
180,180,180,180,180,180,180,78933,699233954973491200,1920431011,negative,other,2016-02-15T14:09:00.000Z,#Survey: British and German companies regard #Brexit as a threat https://t.co/POuM0vLYOu via @policyreviewint #EUreferendum #EUreform (jn),"['eureform', 'brexit', 'eureferendum', 'survey']"
181,181,181,181,181,181,181,47973,694915816542879744,3665751795,positive,remain,2016-02-03T16:10:16.000Z,Glad @jeremycorbyn is supporting @David_Cameron in the #EUreform today. We the voters will decide not them about #Brexit #EUreferendum2016,"['eureform', 'brexit', 'eureferendum2016']"
182,182,182,182,182,182,182,1073694,742373127213207552,253615321,negative,other,2016-06-13T15:08:40.000Z,Tusk and Junker see #Brexit as threat to Western civilisation @EurActiv https://t.co/2WGxCZm9Ub #EUref #EUreform #europeanunion,"['eureform', 'brexit', 'europeanunion', 'euref']"
183,183,183,183,183,183,183,119739,700997967633915904,1886333310,neutral,other,2016-02-20T10:58:34.000Z,@David_Cameron That was a deal?  https://t.co/TX2bjFhYjS #Brexit #EUreform #EUSummit,"['eureform', 'brexit', 'eusummit']"
184,184,184,184,184,184,184,10454,686858346406756352,65322179,neutral,other,2016-01-12T10:32:45.000Z,We are simulating #EUReform &amp; #Brexit talks on Jan 25th: https://t.co/MERydZP7bw Representing the UK: #EUwargames https://t.co/vK21hbiQ9x,"['eureform', 'brexit', 'euwargames']"
185,185,185,185,185,185,185,10456,686858790193512448,43081691,neutral,other,2016-01-12T10:34:31.000Z,Live on our website on Jan 25th - 9 AM BST. Live simulation of #Brexit &amp; #EUReform talks. #EUwargames https://t.co/mx4aBtRe4N,"['eureform', 'brexit', 'euwargames']"
186,186,186,186,186,186,186,31163,692328079419666432,547952009,neutral,other,2016-01-27T12:47:31.000Z,@EnricoLetta former Italy PM during #EUWargames @theBreweryVenue #EUreform #brexit https://t.co/cKPMqcwy5o https://t.co/f9xKEnu8E8,"['eureform', 'brexit', 'euwargames']"
187,187,187,187,187,187,187,17096,689072286457065472,65322179,positive,other,2016-01-18T13:10:10.000Z,We are simulating #EUReform and #Brexit talks with Europe's top politicians at #EUWargames. Watch live: https://t.co/V6VolmtyJ7 #EUref,"['eureform', 'brexit', 'euwargames', 'euref']"
188,188,188,188,188,188,188,2185550,746400767326687232,4718938175,negative,leave,2016-06-24T17:53:05.000Z,It's going to take at least 2 years for the UK to leave the EU #Brexit #financialreporting #EUreform,"['eureform', 'brexit', 'financialreporting']"
189,189,189,189,189,189,189,46616,694831907452776448,129776007,positive,remain,2016-02-03T10:36:50.000Z,#Brexit and #Greece shows strong centre with higher tax powers not a bad thing. Helps redistribute resources &amp; contain separatism #EUreform,"['eureform', 'brexit', 'greece']"
190,190,190,190,190,190,190,47963,694915242594299904,135096804,positive,other,2016-02-03T16:07:59.000Z,"#EUreform proposal is fair and must be supported by EU Parliament, #Juncker says: press review https://t.co/i7CTeMoTvu #EUreferendum #Brexit","['eureform', 'brexit', 'juncker', 'eureferendum']"
191,191,191,191,191,191,191,814648,736631244373565440,3118257563,negative,other,2016-05-28T18:52:29.000Z,@KirstyT71 But you can't change it from outside #EuReform #EUref #Brexit #Leave,"['eureform', 'brexit', 'leave', 'euref']"
192,192,192,192,192,192,192,36988,693759552160940032,633959657,neutral,other,2016-01-31T11:35:41.000Z,"A bluffer's guide to the PM's EU renegotiation, via @JohnRentoul &gt;&gt; https://t.co/9r0CnZZE2z #EUreform #Brexit #LeaveEU @LeaveEUOfficial","['eureform', 'brexit', 'leaveeu']"
193,193,193,193,193,193,193,44829,694671605398650880,921818491,positive,other,2016-02-02T23:59:51.000Z,After the contempt shown to #UK in the #EUreform negs. I would actually LOVE it if @David_Cameron actually came out to campaign for #Brexit,"['eureform', 'brexit', 'uk']"
194,194,194,194,194,194,194,35768,693340122037764096,3918992189,negative,other,2016-01-30T07:49:01.000Z,The Independent poll: 4 out of 5 people say #Brexit would pose a risk to UK -&gt; agreed https://t.co/68y1TsaOys @UKandEU #UKref #EUreform,"['eureform', 'brexit', 'ukref']"
195,195,195,195,195,195,195,462254,719505087324889088,3918992189,positive,leave,2016-04-11T12:39:15.000Z,My view of #Brexit #UKref #EUreform -&gt; Sovereignty Safeguards in UK-EU Settlement  @Verfassungsblog  https://t.co/mMI8an97bO,"['eureform', 'brexit', 'ukref']"
196,196,196,196,196,196,196,444477,717984469748224000,3918992189,positive,other,2016-04-07T07:56:51.000Z,Feeling in French and German political circles about #Brexit and #UKref #EUreform https://t.co/HO9o0wXMVu,"['eureform', 'brexit', 'ukref']"
197,197,197,197,197,197,197,13937,687953039823663104,3918992189,neutral,other,2016-01-15T11:02:40.000Z,#BenefitsTourism: why 'fix' a non-existent problem? -&gt; only 2.2% claimants are EU citizens https://t.co/WvUrm00fc1 #Brexit #UKref #EUreform,"['eureform', 'brexit', 'ukref', 'benefitstourism']"
198,198,198,198,198,198,198,64407,697098176889823232,2472445567,neutral,leave,2016-02-09T16:42:11.000Z,Discussing the future of the #UK in the EU with H.E. Emma Hopkins and @DanielMitov. #Brexit  #EUreform #ukreferendum https://t.co/XCcFa7ye9h,"['eureform', 'brexit', 'ukreferendum', 'uk']"
199,199,199,199,199,199,199,42123,694484368232964096,633959657,positive,leave,2016-02-02T11:35:50.000Z,This is a great summary of how far David Cameron's #EUreform objectives have fallen &gt;&gt; https://t.co/AZfyu2nkKM #Brexit #VoteLeave #LeaveEU,"['eureform', 'brexit', 'voteleave', 'leaveeu']"
