,Unnamed: 0,Unnamed: 0.1,Unnamed: 0.1.1,Unnamed: 0.1.1.1,t_id,user_id,t_sentiment,t_stance,t_date,t_text,hashtags
0,0,0,0,329619,958848628965199872,784508396,negative,leave,2018-01-31T23:45:02.000Z,"@BBCNewsnight @PeterBoneUK This guy talking about project fear, he is a Brexit nut case, he will be the last man standing and Bojo that depends on a plan to get him the #10 keys. The Remainers could get working on him to change sides for their votes he might take the bait for that deal.  #WATON","['10', 'waton']"
1,1,1,1,630554,970588247201140736,288694594,positive,remain,2018-03-05T09:14:05.000Z,"#BreakingNews, burgeoning interest in #nosesurgery 4 #UK. Unprecedented demand anticipated 4 nasal restoration surgery in #2019. #17million operations expected. #Brexit. Impossible 4 #NHS to do this. Fortunately, capacity &amp; competence exists in #EU. #brexitshambles #FBPE #WATON","['2019', 'eu', '17million', 'nhs', 'brexitshambles', 'brexit', 'waton', 'nosesurgery', 'fbpe', 'breakingnews', 'uk']"
2,2,2,2,397306,961511616025169920,1932207270,positive,remain,2018-02-08T08:06:47.000Z,"Yum! Yet more good #Brexit news, and just another to #Remain  #WATON #2ndReferendum #ABTV https://t.co/Q9vuIvCshs","['2ndreferendum', 'brexit', 'abtv', 'waton', 'remain']"
3,3,3,3,1041585,990641085474099200,24356212,negative,other,2018-04-29T17:16:54.000Z,@UKLabour On Thursday I‚Äôll be voting Lib Dem as a party who is actively fighting #Brexit. Under @jeremycorbyn the LP continues to support #Brexit against 80% of LP members who are Pro EU. A vote for @UKLabour is a vote a for #Brexit. #WATON #Remain #2ndReferendum,"['2ndreferendum', 'brexit', 'brexit', 'waton', 'remain']"
4,4,4,4,989636,987706422929567744,21589996,positive,leave,2018-04-21T14:55:36.000Z,"#FBPE #WATON Please read and RT
Would you spend a life changing sum on a car without knowing the spec, or the model, or even the make? So why would we have voted blind about #Brexit. #2ndReferendum #PeoplesVote
Please think of more examples like this and start a campaign","['2ndreferendum', 'peoplesvote', 'brexit', 'waton', 'fbpe']"
5,5,5,5,207570,953198878530129920,158186300,positive,remain,2018-01-16T09:34:56.000Z,"Undermining the main achievement of Brexit so far‚Ä¶ we have ‚Äúwon back‚Äù the right to have blue passports‚Ä¶

#3cheers #fbpe #waton #forgetstamps https://t.co/d9ZCrKRvzV","['3cheers', 'forgetstamps', 'waton', 'fbpe']"
6,6,6,6,210188,953238646462865408,2396188842,neutral,remain,2018-01-16T12:12:58.000Z,"@Renew_Britain 2. Not too late...#A50 revocable #Brexit reversible..act now!
Binding #FinalSay in 2018 to Confirm #Brexit or #StopBrexit
#ConfirmTheWill
#WeBelongInTheEU
#WATON
#WeAreTheOppositionNow
https://t.co/eK4SoJtVDx","['a50', 'brexit', 'confirmthewill', 'waton', 'stopbrexit', 'wearetheoppositionnow', 'webelongintheeu', 'finalsay']"
7,7,7,7,441230,962996119583313920,331084681,negative,other,2018-02-12T10:25:41.000Z,"Team #Brexit

‚û°Ô∏è Started mess with #EURef
‚û°Ô∏è Trigger #A50 way too early
‚û°Ô∏è Have no realistic plan
‚û°Ô∏è Screw up negotiations
‚û°Ô∏è Alienate our neighbours
‚û°Ô∏è Call any oppo traitors/saboteurs/enemies

And we are the bullies...
Impeccable #Brexiter logic

#WATON
#StopBrexit","['a50', 'euref', 'brexit', 'waton', 'stopbrexit', 'brexiter']"
8,8,8,8,219263,953600441631301632,319619581,positive,remain,2018-01-17T12:10:36.000Z,"@tconnellyRTE Should the #a50challenge succeed then there is a scenario where UK Govt. could be in a position to re-run the #EURef

Think also of all the #Leave investigations into dark money. The last #EURef could be declared void because it wasn't free &amp; fair.
#WATON #Brexit #FBPE #FinalSay","['a50challenge', 'euref', 'brexit', 'waton', 'fbpe', 'leave', 'finalsay']"
9,9,9,9,208483,953201919048155136,281522957,positive,remain,2018-01-16T09:47:01.000Z,"@A50Challenge @DExUKgov @MrConnieS #fbpe #brexit  #a50challenge  You're welcome 
Nobody can #StopBrexit 
Except a #WATON 
The most powerful mystical creature know to mankind... https://t.co/zvXHCEXD4m","['a50challenge', 'fbpe', 'waton', 'stopbrexit', 'brexit']"
10,10,10,10,232844,954224052918513664,1401834032,positive,remain,2018-01-19T05:28:37.000Z,"@Ekaterinagriff Proud to have you, Ekaterina! We are (most of us) descendants from migrants but, only since Brexit, has it ever mattered!!! üò† #FBPE #a50challenge #WATON #WeAreTheOppositionNow #StopBrexit #Remain üíóüá¨üáßüá™üá∫","['a50challenge', 'fbpe', 'waton', 'stopbrexit', 'wearetheoppositionnow', 'remain']"
11,11,11,11,205901,953112659221729280,1401834032,negative,remain,2018-01-16T03:52:20.000Z,"@AmnestyUK @EHRC @libertyhq @fawcettsociety ""Keir Starmer, the shadow Brexit secretary, has said that Labour will propose an amendment to the withdrawal bill..."" Did I hear you say 'OPPOSE', @Keir_Starmer? You didn't? ... Well, it's time you DID, Sir!!! #FBPE #a50challenge #WATON #WeAreTheOppositionNow #StopBrexit #Remain","['a50challenge', 'fbpe', 'waton', 'stopbrexit', 'wearetheoppositionnow', 'remain']"
12,12,12,12,210254,953255044706693120,1401834032,positive,remain,2018-01-16T13:18:07.000Z,"@eucopresident And we, in our masses, have our hearts still open to YOU! We never voted for Brexit, an advisory Referendum based on lies &amp; xenophobia. This is NOT us! We will fight to @RemaininEU and will WIN!  #FBPE #a50challenge #WATON #WeAreTheOppositionNow #StopBrexit #Remain","['a50challenge', 'fbpe', 'waton', 'stopbrexit', 'wearetheoppositionnow', 'remain']"
13,13,13,13,368981,960497573613264896,1401834032,neutral,remain,2018-02-05T12:57:21.000Z,"@jeremycorbyn It's also disgraceful that you're aiding and abetting the Tories to throw us over the cliff edge with your continuing stance on Brexit! You are the OPPOSITION, for God's sake! OPPOSE!!! üò†#FBPE #a50challenge #WATON #StopBrexit #Remain üá¨üáßüá™üá∫ #NevvaGonnaGiveEuUp‚ù§Ô∏è","['a50challenge', 'nevvagonnagiveeuup‚ù§Ô∏è', 'waton', 'stopbrexit', 'fbpe', 'remain']"
14,14,14,14,408832,961800921331130368,1401834032,negative,remain,2018-02-09T03:16:23.000Z,"@MilesRollo @thatginamiller @CityAM Mine too! I'm a member of numerous anti-Brexit/ pro-EU groups, and bloody proud to campaign for them!!!  #FBPE #a50challenge #WATON #StopBrexit #Remain üá¨üáßüá™üá∫ #NevvaGonnaGiveEuUp‚ù§Ô∏è","['a50challenge', 'nevvagonnagiveeuup‚ù§Ô∏è', 'waton', 'stopbrexit', 'fbpe', 'remain']"
15,15,15,15,375062,960742395141939200,1401834032,positive,remain,2018-02-06T05:10:11.000Z,"@TheStephenRalph @MichelBarnier We NEVER wanted Brexit, we DON'T want it NOW, and we'll NEVER want it in the future! We want the BEST DEAL for the UK, the one we HAVE NOW, as full EU members!!!  #FBPE #a50challenge #WATON #StopBrexit #Remain üá¨üáßüá™üá∫ #NevvaGonnaGiveEuUp‚ù§Ô∏è https://t.co/SFJ1X9XOQi","['a50challenge', 'nevvagonnagiveeuup‚ù§Ô∏è', 'waton', 'stopbrexit', 'fbpe', 'remain']"
16,16,16,16,433183,962678874059563008,1401834032,positive,remain,2018-02-11T13:25:03.000Z,"@Andrew_Adonis I both LOVE and admire your initiative for a referendum, within the Labour Party, toward fighting Brexit! Yours, is the ONLY way forward as far as I'm concerned. PLEASE see this through!!!  #FBPE #a50challenge #WATON #StopBrexit #Remain üá¨üáßüá™üá∫ #NevvaGonnaGiveEuUp‚ù§Ô∏è https://t.co/kRAZn7d7Ax","['a50challenge', 'nevvagonnagiveeuup‚ù§Ô∏è', 'waton', 'stopbrexit', 'fbpe', 'remain']"
17,17,17,17,412771,961930247636750336,1401834032,negative,remain,2018-02-09T11:50:17.000Z,@Labour4EU We don't need any 'softer' or 'watered-down' Brexit! We DON'T WANT BREXIT and IT MUST BE STOPPED! End of!!!  #FBPE #a50challenge #WATON #StopBrexit #Remain üá¨üáßüá™üá∫ #NevvaGonnaGiveEuUp‚ù§Ô∏è,"['a50challenge', 'nevvagonnagiveeuup‚ù§Ô∏è', 'waton', 'stopbrexit', 'fbpe', 'remain']"
18,18,18,18,420471,962156883690905600,1401834032,neutral,remain,2018-02-10T02:50:51.000Z,"@campbellclaret That's because they have no reasonable argument, Alastair! Wish you could summon up the troops and get @jeremycorbyn and @Keir_Starmer OFF that Brexit fence!!!  #FBPE #a50challenge #WATON #StopBrexit #Remain üá¨üáßüá™üá∫ #NevvaGonnaGiveEuUp‚ù§Ô∏è https://t.co/JElLh6e8Qy","['a50challenge', 'nevvagonnagiveeuup‚ù§Ô∏è', 'waton', 'stopbrexit', 'fbpe', 'remain']"
19,19,19,19,412848,961931916575412224,1401834032,negative,remain,2018-02-09T11:56:55.000Z,"@remain_central Too much emphasis on averting a 'hard Brexit'. Brexit needs to be STOPPED, no less, none other!!!  #FBPE #a50challenge #WATON #StopBrexit #Remain üá¨üáßüá™üá∫ #NevvaGonnaGiveEuUp‚ù§Ô∏è","['a50challenge', 'nevvagonnagiveeuup‚ù§Ô∏è', 'waton', 'stopbrexit', 'fbpe', 'remain']"
20,20,20,20,215552,953485506414874624,1401834032,positive,remain,2018-01-17T04:33:54.000Z,"@BrexitBin I just wish @Keir_Starmer would quit hanging on to this Brexit 'deal' mantra, like someone's going to hand us something better than we already have. Clearly, they AIN'T! How much longer in denial, Keir? Support @RemaininEU, and THEN you'll see power!!! #FBPE #a50challenge #WATON","['a50challenge', 'waton', 'fbpe']"
21,21,21,21,548961,967276153567313920,1401834032,positive,remain,2018-02-24T05:53:00.000Z,"@Labour4EU I want to hear the sweet sounds of an OPPOSITION to the damning evil which is Brexit! I want a clear &amp; positive response to the continuous demands by @UKLabour voters to @RemaininEU! REMAIN means REMAIN, @jeremycorbyn. Support it, or you will NOT! #FBPE #a50challenge #WATON https://t.co/3PxNk8G1SG","['a50challenge', 'waton', 'fbpe']"
22,22,22,22,224824,953841416391847936,1401834032,negative,remain,2018-01-18T04:08:09.000Z,"@JolyonMaugham Of COURSE this is right! Why any country, in its right senses, would EVER wish to pursue anything so fundamentally destructive as Brexit, is beyond my comprehension. Public opinion is shifting dramatically toward @RemaininEU. #FBPE #a50challenge #WATON https://t.co/EZk33WhuVM","['a50challenge', 'waton', 'fbpe']"
23,23,23,23,215580,953490556633731072,1401834032,negative,leave,2018-01-17T04:53:58.000Z,"@Labour4EU @Keir_Starmer You shouldn't need telling about this, @Keir_Starmer! Yes, we know @UKLabour didn't start Brexit, so why so hell bent on preserving the idea? This is NOT 'opposition'. This is sheer folly! Try looking FORWARD instead of in search of Never Never Land!!! #FBPE #a50challenge #WATON","['a50challenge', 'waton', 'fbpe']"
24,24,24,24,756835,976079636915474432,1401834032,negative,remain,2018-03-20T12:54:54.000Z,"@guyverhofstadt This is a damn sight more than our government has done so far as Brexit is concerned! Now, I wonder why that is? Scared of revealing the fact the advisory 'Referendum' was fixed? 'Twill all be exposed in t'end!  #FBPE #a50challenge #WATON #StopBrexit","['a50challenge', 'waton', 'stopbrexit', 'fbpe']"
25,25,25,25,258324,955671650435063808,1401834032,positive,remain,2018-01-23T05:20:51.000Z,"@SebDance And don't we know it! Anyone would think we were born yesterday but, thankfully, we are better than that!!! Brexit's been exposed for what it is. Now, let's put it humanely to sleep and bury it for good!!!  #FBPE #a50challenge #WATON #StopBrexit #Remain üíóüá¨üáßüá™üá∫","['a50challenge', 'waton', 'stopbrexit', 'fbpe', 'remain']"
26,26,26,26,539302,966895378741080064,1401834032,negative,remain,2018-02-23T04:39:56.000Z,"@remain_central @UKLabour If @UKLabour is punished at the May Elections, @jeremycorbyn has only himself to blame! We WANT to support, yet he fails us by not OPPOSING Brexit! Make your mind up time, Jezza!  #FBPE #a50challenge #WATON #StopBrexit #Remain https://t.co/S7RGeEnyeZ","['a50challenge', 'waton', 'stopbrexit', 'fbpe', 'remain']"
27,27,27,27,535501,966732121531408384,1401834032,positive,other,2018-02-22T17:51:13.000Z,"@guyverhofstadt ABSOLUTELY, Guy! I'll go with that!!! I want to @RemaininEU. I never voted for Brexit! We will FIGHT to Remain as a proud member of the EU!!! ‚ù§Ô∏èüá¨üáßüá™üá∫ #FBPE #a50challenge #WATON #StopBrexit #Remain https://t.co/v8hpSpOKO6","['a50challenge', 'waton', 'stopbrexit', 'fbpe', 'remain']"
28,28,28,28,245073,954958918324752384,1401834032,positive,remain,2018-01-21T06:08:43.000Z,"@Keir_Starmer @SadiqKhan @DrRosena @Marshadecordova Great stuff, Keir! GO FOR IT!!! However, your current stance on Brexit is a VOTE LOSER in London! My vote for @UKLabour was NOT one for Brexit. Please believe me when I tell you, I am not alone in that statement!  #FBPE #a50challenge #WATON #StopBrexit #Remain üíóüá¨üáß üá™üá∫","['a50challenge', 'waton', 'stopbrexit', 'fbpe', 'remain']"
29,29,29,29,816348,978317283629158400,1401834032,positive,remain,2018-03-26T17:06:31.000Z,"@mikegalsworthy @EveningStandard The ... STANDARD???!!! NOoooooooooooo!!! Wot's this, Brexit-damning news going BIG TIME? Wot next, Auntie Beeb FEATURING this on their @BBCNews broadcast?!!! @wolchover  #FBPE #a50challenge #WATON #StopBrexit #Remain https://t.co/mLB2KoInZU","['a50challenge', 'waton', 'stopbrexit', 'fbpe', 'remain']"
30,30,30,30,770787,976670720888655872,1401834032,positive,remain,2018-03-22T04:03:40.000Z,"@cadams050419661 @catherinerusse2 Nothing to be ashamed about. You did what you thought was best at the time. You had the right to vote as you did. Brexit will not happen. Love your schnauzer, think positive, and DON'T beat yourself up! x  #FBPE #a50challenge #WATON #StopBrexit #Remain https://t.co/sH9Bo7h2Z9","['a50challenge', 'waton', 'stopbrexit', 'fbpe', 'remain']"
31,31,31,31,667872,971963881336709120,1401834032,positive,remain,2018-03-09T04:20:22.000Z,"@remain_central Seeing that Treeza is incapable of producing an Irish border solution, along with ANYTHING else, it looks like the EU may have frozen Brexit for good! RESULT!!! üòç #FBPE #a50challenge #WATON #StopBrexit #Remain","['a50challenge', 'waton', 'stopbrexit', 'fbpe', 'remain']"
32,32,32,32,563602,968158277275144192,1401834032,negative,remain,2018-02-26T16:18:15.000Z,"@Andrew_Adonis ""‚ÄúThis speech moves the Labour Party a further step in the direction of a referendum to stop Brexit."" ... If you say so, Lord Adonis, if you say so ... üôÑ¬†#FBPE #a50challenge #WATON #StopBrexit #Remain","['a50challenge', 'waton', 'stopbrexit', 'fbpe', 'remain']"
33,33,33,33,280320,957076383792029696,1401834032,negative,remain,2018-01-27T02:22:46.000Z,"@Keir_Starmer Pleased to hear you have 'concerns' about the impact of Brexit in Dover, Keir. What stumps me, however, is WHY, the hell, you're doing NOTHING to oppose it in parliament??? Where, exactly, are you coming from these days?!!! ü§î#FBPE #a50challenge #WATON #StopBrexit #Remain","['a50challenge', 'waton', 'stopbrexit', 'fbpe', 'remain']"
34,34,34,34,473132,964141344120852480,1401834032,negative,remain,2018-02-15T14:16:23.000Z,"@britainelects @BMGResearch Abysmal, @jeremycorbyn @Keir_Starmer! Embarrassing! Set up a Brexit Committee and support an Internal Brexit Referendum for @UKLabour! Your voters DEMAND IT! Let's shape our country's future TOGETHER or annihilate it! YOUR choice!  #FBPE #a50challenge #WATON #StopBrexit #Remain https://t.co/c1g0tlAfTt","['a50challenge', 'waton', 'stopbrexit', 'fbpe', 'remain']"
35,35,35,35,734589,975208342426701824,1401834032,positive,remain,2018-03-18T03:12:41.000Z,"@carolecadwalla Then, as far as I see it, this surely nullifies both Brexit and sTRUMP's presidency victory! üò† #FBPE #a50challenge #WATON #StopBrexit #Remain","['a50challenge', 'waton', 'stopbrexit', 'fbpe', 'remain']"
36,36,36,36,734569,975204182637588480,1401834032,positive,remain,2018-03-18T02:56:10.000Z,"@City_Livery_SM Turkey border gridlock hints at pain THAT WOULD come for Brexit Britain! Note the difference? Not 'TO' come, but 'WOULD' come. Fortunately, it won't come to that. We'll @RemaininEU because we're NOT stupid!  #FBPE #a50challenge #WATON #StopBrexit #Remain https://t.co/cZzoJCjwCD","['a50challenge', 'waton', 'stopbrexit', 'fbpe', 'remain']"
37,37,37,37,594008,969281667608260608,1401834032,positive,remain,2018-03-01T18:42:12.000Z,"@ChukaUmunna @jeremycorbyn @UKLabour ""Helping bring about the Good Friday Agreement was one of @UKLabour's greatest achievements ..."" So very true and this MUST be protected at all costs. May peace be everlasting. May Brexit die a timely death! #FBPE #a50challenge #WATON #StopBrexit #Remain https://t.co/9qOBFG0635","['a50challenge', 'waton', 'stopbrexit', 'fbpe', 'remain']"
38,38,38,38,511140,965915521601409024,1401834032,positive,remain,2018-02-20T11:46:20.000Z,"@jeremycorbyn Admirable, Jezza, but what of your Brexit policy? Unless you start to serve the interests of your voters and support @RemaininEU, there'll be little hope of achieving @UKLabour's goals!!!  #FBPE #a50challenge #WATON #StopBrexit #Remain https://t.co/uIJyWF5LFB","['a50challenge', 'waton', 'stopbrexit', 'fbpe', 'remain']"
39,39,39,39,511237,965917184366141440,1401834032,neutral,remain,2018-02-20T11:52:57.000Z,"@ChukaUmunna Next floor down, the ABYSS! Oh, and while we're about it ... "" there‚Äôll be no race to the bottom on workers rights after Brexit."" You're right there, David Davis, cos Brexit AIN'T gonna happen. Trust me!  #FBPE #a50challenge #WATON #StopBrexit #Remain https://t.co/TBGeuJpXEI","['a50challenge', 'waton', 'stopbrexit', 'fbpe', 'remain']"
40,40,40,40,810148,978087065622597632,1401834032,positive,remain,2018-03-26T01:51:43.000Z,"@mikegalsworthy @Keir_Starmer Oddly enough, Keir still claims his '6 Tests for Brexit' is an active stance! Seeing that Brexit would deliver NONE of these, why does he continue to tow the Party line? ... Eh? ... @OwenSmith_MP? Aha, I GET IT!üôÑ¬† #FBPE #a50challenge #WATON #StopBrexit #Remain","['a50challenge', 'waton', 'stopbrexit', 'fbpe', 'remain']"
41,41,41,41,535544,966733439260151808,1401834032,negative,remain,2018-02-22T17:56:27.000Z,"@ChukaUmunna @UKLabour needs to change its stance on Brexit and start acting as an OPPOSITION! Take note, @jeremycorbyn @Keir_Starmer. Your time's limited, as is the patience of your voters!!!  #FBPE #a50challenge #WATON #StopBrexit #Remain https://t.co/erHTtu39NE","['a50challenge', 'waton', 'stopbrexit', 'fbpe', 'remain']"
42,42,42,42,631646,970634347685580800,1401834032,neutral,remain,2018-03-05T12:17:16.000Z,"@Number10cat She's a glutton for punishment, Larry. The writing's up there, 'May Brexit be her undoing!'  #FBPE #a50challenge #WATON #StopBrexit #Remain","['a50challenge', 'waton', 'stopbrexit', 'fbpe', 'remain']"
43,43,43,43,584642,969087823142969344,1401834032,negative,remain,2018-03-01T05:51:56.000Z,"@guyverhofstadt People change. Opinions change. What we once disregarded as bad practice, can often shine a common light. Like or loathe him, Tony Blair is right on Brexit. Inspiring to see you sharing common ground, Guy. #FBPE #a50challenge #WATON #StopBrexit #Remain https://t.co/lx0hf6Omds","['a50challenge', 'waton', 'stopbrexit', 'fbpe', 'remain']"
44,44,44,44,511051,965914191772225536,1401834032,positive,remain,2018-02-20T11:41:03.000Z,"@Number10cat Ever thought of becoming a negotiator, Larry? You'd be fine for the Brexit debate. Just treat it as you would, sat in front of a bowl of best Aberdeen Angus steak ... REMAIN!!! üò∏üò∏üò∏  #FBPE #a50challenge #WATON #StopBrexit #Remain https://t.co/aEfwJG32KN","['a50challenge', 'waton', 'stopbrexit', 'fbpe', 'remain']"
45,45,45,45,752576,975975484998717440,1401834032,neutral,remain,2018-03-20T06:01:03.000Z,"@JolyonMaugham Now ain't that an incentive to Brexit, deary?!!!  #FBPE #a50challenge #WATON #StopBrexit #Remain https://t.co/xp1ufOUmIZ","['a50challenge', 'waton', 'stopbrexit', 'fbpe', 'remain']"
46,46,46,46,473104,964139435976687616,1401834032,negative,remain,2018-02-15T14:08:49.000Z,"@ChukaUmunna Keep pushing for that Brexit Committee within @UKLabour and support an Internal Brexit Referendum, Chuka! We must eliminate Boris Johnson's vile plans. Let's shape the way our Party goes, for the MANY to @RemaininEU!  #FBPE #a50challenge #WATON #StopBrexit #Remain https://t.co/HWanhKoA0U","['a50challenge', 'waton', 'stopbrexit', 'fbpe', 'remain']"
47,47,47,47,737483,975354678694301696,1401834032,negative,remain,2018-03-18T12:54:11.000Z,"@TheNewEuropean ""... some Brexiteers will claim the Lords are trying to stifle Brexit, but that is not the case."" ... Pity! Oh well, let's see!!!  #FBPE #a50challenge #WATON #StopBrexit #Remain https://t.co/aP3ExCJ7QH","['a50challenge', 'waton', 'stopbrexit', 'fbpe', 'remain']"
48,48,48,48,548927,967273135987937280,1401834032,negative,remain,2018-02-24T05:41:01.000Z,"@Keir_Starmer @IainMcNicol @UKLabour Still on that fence, Keir? OUCH, the splinters in your pants must be nailed! So, what's the plan? Or isn't there one? When you have an answer, please let YOUR VOTERS know. Remember, our vote for @UKLabour was NOT one for Brexit! #FBPE #a50challenge #WATON #StopBrexit #Remain https://t.co/oNC38WIeyb","['a50challenge', 'waton', 'stopbrexit', 'fbpe', 'remain']"
49,49,49,49,357454,960004134635175936,1401834032,negative,other,2018-02-04T04:16:36.000Z,"@remain_central ""RABID Remainers are using the hashtag #FBPE as an identity tag to find other supporters online, abuse Leaver voters, snipe about Brexit and ultimately try to stop Britain leaving the EU."" GUILTY AS CHARGED, yer honour!  #FBPE #a50challenge #WATON #StopBrexit #Remain üòúüá¨üáßüá™üá∫ https://t.co/0efMBHi9fj","['a50challenge', 'waton', 'stopbrexit', 'fbpe', 'remain']"
50,50,50,50,447926,963301125935063040,1401834032,positive,remain,2018-02-13T06:37:40.000Z,"@Keir_Starmer Make sure you speak for US, your voters, Keir! Join the increasing number of @UKLabour MPs calling for an internal Brexit Committee to be set up. Sitting on that fence is solving NOTHING! Let Party members shape the way forward! #FBPE #a50challenge #WATON #StopBrexit #Remain","['a50challenge', 'waton', 'stopbrexit', 'fbpe', 'remain']"
51,51,51,51,511577,965922326259920896,1401834032,negative,remain,2018-02-20T12:13:23.000Z,@campbellclaret @BBC Stopped watching BBC @BBCNews when the penny finally dropped on their Brexit bias! ITV MUCH better ... At least they've got @Peston !!! ‚ò∫Ô∏èüëç  #FBPE #a50challenge #WATON #StopBrexit #Remain https://t.co/4aWZ5bl8sK,"['a50challenge', 'waton', 'stopbrexit', 'fbpe', 'remain']"
52,52,52,52,299103,957966837517516800,1401834032,neutral,remain,2018-01-29T13:21:06.000Z,"@guyverhofstadt @Europarl_EN Rest assured, Guy, millions of us are putting up a fight against this Brexit lunacy! We were NEVER fooled by the anti EU lies in the first place, and we will strive to protect our interests &amp; values. We WILL @RemaininEU!  #FBPE #a50challenge #WATON #StopBrexit #Remain","['a50challenge', 'waton', 'stopbrexit', 'fbpe', 'remain']"
53,53,53,53,324614,958685976691380224,1401834032,positive,remain,2018-01-31T12:58:43.000Z,"@tweeker2k @Keir_Starmer EXACTLY, Kam! And Keir, above all others, MUST come clean on this NOW! I support @UKLabour. I do NOT want Brexit!!!  #FBPE #a50challenge #WATON #StopBrexit #Remain","['a50challenge', 'waton', 'stopbrexit', 'fbpe', 'remain']"
54,54,54,54,734623,975214754699599872,1401834032,positive,remain,2018-03-18T03:38:10.000Z,"@TheAndyMaturin Proud to say my local MP, @TulipSiddiq, is anti-Brexit to the core! Voted AGAINST triggering Article 50, standing up against @UKLabour policy! She puts her voters FIRST and country before party!  #FBPE #a50challenge #WATON #StopBrexit #Remain https://t.co/ItuhvpNTUD","['a50challenge', 'waton', 'stopbrexit', 'fbpe', 'remain']"
55,55,55,55,676377,972313206441041920,1401834032,positive,remain,2018-03-10T03:28:27.000Z,"@campbellclaret Nothing, but NOTHING is worth sacrificing the Northern Ireland peace process for! May this peace last forever, and may Brexit be DAMNED!!! üò†#FBPE #a50challenge #WATON #StopBrexit #Remain","['a50challenge', 'waton', 'stopbrexit', 'fbpe', 'remain']"
56,56,56,56,548908,967270615173533696,1401834032,negative,remain,2018-02-24T05:31:00.000Z,"@ChukaUmunna There is now a clear majority to @RemaininEU and scrap Brexit entirely! We are depending on you to fight the worst act of political suicide the UK could ever inflict upon itself! REMAIN means REMAIN, no compromise, no less! #FBPE #a50challenge #WATON #StopBrexit #Remain https://t.co/wnF331pylw","['a50challenge', 'waton', 'stopbrexit', 'fbpe', 'remain']"
57,57,57,57,485811,964836924979666944,1401834032,positive,remain,2018-02-17T12:20:23.000Z,@RCorbettMEP @labour4europe @Labour4EU @jeremycorbyn @laboursinglemkt @Keir_Starmer @EmilyThornberry @HackneyAbbott @hilarybennmp @Manuel_TSSA We are also calling for a Brexit Committee and Internal Brexit Referendum for the Party. Let @UKLabour members have our say and ensure we shape the way this debate is going. My vote for Labour was NOT one for Brexit! #1DayWithoutUs #FBPE #a50challenge #WATON #StopBrexit #Remain https://t.co/lbZX1xh8bQ,"['a50challenge', 'waton', 'stopbrexit', 'fbpe', 'remain', '1daywithoutus']"
58,58,58,58,368942,960496770668253184,1401834032,negative,remain,2018-02-05T12:54:09.000Z,"@Labour4EU @UKLabour Found @Keir_Starmer's remarks on his Brexit stance, INSULTING toward the very people who voted for him and @UKLabour! There is NO referendum to 'respect', you foolish man! Drop the ideology and GET REAL! #FBPE #a50challenge #WATON #StopBrexit #Remain üá¨üáßüá™üá∫ #NevvaGonnaGiveEuUp","['a50challenge', 'waton', 'stopbrexit', 'fbpe', 'remain', 'nevvagonnagiveeuup']"
59,59,59,59,664701,971806274802388992,939789092006563840,negative,other,2018-03-08T17:54:05.000Z,Let's keep fighting #brexit to keep these women airborne across Europe and the world. @CAA_Official #waton #ABTA https://t.co/wbfFwUIVTx,"['abta', 'waton', 'brexit']"
60,60,60,60,868068,980415486935621632,35413612,neutral,remain,2018-04-01T12:04:01.000Z,#WATON #StopBrexit #FinalSayForALL #Stay #FBPE #ABTV: @MrsSarahJane https://t.co/o9EfXyxeAh https://t.co/udxp7awL7l Actual facts. #eu #Brexit https://t.co/o9EfXyxeAh,"['abtv', 'brexit', 'fbpe', 'eu', 'finalsayforall', 'waton', 'stopbrexit', 'stay']"
61,61,61,61,902733,982936854751309824,35413612,negative,remain,2018-04-08T11:03:02.000Z,"#WATON #StopBrexit #FinalSayForALL #Stay #FBPE #ABTV: @RCorbettMEP https://t.co/L0gYGw31u1 https://t.co/LptKmqSBe3 British #fishing problems have been caused by Westminster (&amp; Iceland), not by Brussels. And #Brexit not the solution. @johnLichfield https://t.co/L0gYGw31u1","['abtv', 'brexit', 'fbpe', 'finalsayforall', 'waton', 'fishing', 'stopbrexit', 'stay']"
62,62,62,62,315392,958357172802420736,35413612,negative,remain,2018-01-30T15:12:10.000Z,#WATON #StopBrexit #FinalSayForALL #Stay #FBPE #ABTV: @CarolineLucas https://t.co/ha4imdUvZt https://t.co/JRnoPhC5QL The government's own analysis shows that an extreme #Brexit will hit our economy &amp; put our public services at further risk. How on eart‚Ä¶ https://t.co/ha4imdUvZt,"['abtv', 'brexit', 'fbpe', 'finalsayforall', 'waton', 'stopbrexit', 'stay']"
63,63,63,63,558983,968044719631675392,35413612,negative,remain,2018-02-26T08:47:01.000Z,#WATON #StopBrexit #FinalSayForALL #Stay #FBPE #ABTV: @GWBridgeUK https://t.co/QPAYQczqSM https://t.co/rFSRzbCwtS How you personally can simulate #Brexit in 3 easy steps taking only 5 minutes: Go around to your neighbours. Tell them to Fuck off. Ask them if they will accept a ‚Ä¶,"['abtv', 'brexit', 'fbpe', 'finalsayforall', 'waton', 'stopbrexit', 'stay']"
64,64,64,64,351974,959720365537812480,35413612,negative,remain,2018-02-03T09:29:00.000Z,#WATON #StopBrexit #FinalSayForALL #Stay #FBPE #ABTV: @lunaperla https://t.co/RjUpMVY3Qi https://t.co/o0ZlT3AIAO This is what lying #Brexit minister Steve Baker and his sinister sidekick Jacob Rees-Mosley don't want the public to know: deals with the r‚Ä¶ https://t.co/RjUpMVY3Qi,"['abtv', 'brexit', 'fbpe', 'finalsayforall', 'waton', 'stopbrexit', 'stay']"
65,65,65,65,660351,971690491199873024,35413612,negative,remain,2018-03-08T10:14:00.000Z,#WATON #StopBrexit #FinalSayForALL #Stay #FBPE #ABTV: @azuretone https://t.co/oub7Znw94t https://t.co/PG50mDxHsL Most rational people knew that #Brexit was a poisoned chalice for any government - the need to balance 'the will of the people' with the re‚Ä¶ https://t.co/oub7Znw94t,"['abtv', 'brexit', 'fbpe', 'finalsayforall', 'waton', 'stopbrexit', 'stay']"
66,66,66,66,460247,963726766949924864,35413612,neutral,remain,2018-02-14T10:49:01.000Z,#WATON #StopBrexit #FinalSayForALL #Stay #FBPE #ABTV: @mnottingham https://t.co/GrewjGXznI https://t.co/LcovVZH88U ¬£ drops in value due to #Brexit so lots of foreign buyers come in to buy commercial property. Leave voters were promised less foreigners ‚Ä¶ https://t.co/GrewjGXznI,"['abtv', 'brexit', 'fbpe', 'finalsayforall', 'waton', 'stopbrexit', 'stay']"
67,67,67,67,360385,960109705946333184,35413612,positive,remain,2018-02-04T11:16:06.000Z,#WATON #StopBrexit #FinalSayForALL #Stay #FBPE #ABTV: @Bonn1eGreer https://t.co/PNhykxZxzs https://t.co/VsG4e84l5L ‚Äú#Brexit attacks on civil service ‚Äòare worthy of 1930‚Äôs Germany‚Äô-@observer #Brexiter Ultras- like the #Trumpists in the USA- are so zealo‚Ä¶ https://t.co/PNhykxZxzs,"['abtv', 'brexit', 'fbpe', 'finalsayforall', 'waton', 'stopbrexit', 'stay', 'brexiter', 'trumpists']"
68,68,68,68,898219,982630076671037440,35413612,neutral,remain,2018-04-07T14:44:01.000Z,#WATON #StopBrexit #FinalSayForALL #Stay #FBPE #ABTV: @Doozy_45 https://t.co/s83vaQ8UYo https://t.co/ZmXS0lsj7e REVEALED: Watch deleted video of Nigel Farage thanking Steve Bannon and Breitbart for Brexit /#EU #Brexit https://t.co/s83vaQ8UYo,"['abtv', 'brexit', 'fbpe', 'finalsayforall', 'waton', 'stopbrexit', 'stay', 'eu']"
69,69,69,69,639815,970951622909202432,35413612,positive,remain,2018-03-06T09:18:00.000Z,#WATON #StopBrexit #FinalSayForALL #Stay #FBPE #ABTV: @Anna_Soubry https://t.co/2Ty1wc2zRy https://t.co/k0hckWO5iK In a democracy based on free speech we are entitled to say #Brexit is a huge mistake and the people are entitled to a #finalsay if that‚Äôs‚Ä¶ https://t.co/2Ty1wc2zRy,"['abtv', 'brexit', 'finalsay', 'fbpe', 'finalsayforall', 'waton', 'stopbrexit', 'stay']"
70,70,70,70,923065,984040073355292672,623080092,positive,remain,2018-04-11T12:06:50.000Z,"@nickreeves9876 Now I would say @NickReeves9876:

- I STRONGLY oppose #Brexit.
- Corbyn STRONGLY supports Brexit. 
- Therefore Corbyn opposes me [and EVERYBODY like me].
-  So therefore, I have NO CHOICE but to oppose Corbyn [&amp; @UKLabour]!

#StopBrexit #ABTV #VoteEU #WATON","['abtv', 'brexit', 'voteeu', 'waton', 'stopbrexit']"
71,71,71,71,226868,953924086211796992,953639432489504768,negative,remain,2018-01-18T09:36:39.000Z,"We need EVERYONE that voted #Remain or regrets their decision to #Leave to show the Corbynistas (Hard Left) and Far-Right that we will NOT put our country at risk by continuing with this disastrous #Brexit.

#FBPE #ABTV #WATON https://t.co/RcCeYk4eOh","['abtv', 'brexit', 'waton', 'fbpe', 'remain', 'leave']"
72,72,72,72,899087,982676992637194240,24228567,neutral,remain,2018-04-07T17:50:26.000Z,"@jeremycorbyn Vote @UKLabour, get #Brexit, get #FPTP, get @Conservatives back eventually. What's the point?

#WATON #ABTV #StopBrexit #FinalSay","['abtv', 'brexit', 'waton', 'fptp', 'stopbrexit', 'finalsay']"
73,73,73,73,655968,971476556668383232,141144412,negative,remain,2018-03-07T20:03:54.000Z,"@sarah27dv @RhiannahWTP @EmbarrassedBrit We should vote, for a candidate that represents our views.  It's unlikely that there won't be one. But I will NEVER vote for a party that does not oppose #Brexit. So I would spoil my paper to indicate that I am neither lazy nor complacent. 

#StopBrexit #ABTV #WATON #FBPE","['abtv', 'brexit', 'waton', 'stopbrexit', 'fbpe']"
74,74,74,74,452485,963429680949981184,141144412,positive,remain,2018-02-13T15:08:30.000Z,"@ABTVHQ @patanna @BrexitBin Good point, UNLESS (unlikely, I know) @jeremycorbyn listens to his members, supporters and voters, and OPPOSES #Brexit. Otherwise, I certainly would NOT vote for ANY party that does not do EVERYTHING to #StopBrexit 

#ABTV #WATON #FBPE","['abtv', 'brexit', 'waton', 'stopbrexit', 'fbpe']"
75,75,75,75,756476,976054978325417984,953411114527752192,positive,other,2018-03-20T11:16:55.000Z,"British inflation is running at more than double the rate in Germany and France.
Thanks for #Brexit.
What good can ever come out of this?
Hardship for us and removing our freedom.
#FBPE
#WATON
#StopBrexit
#ABTV

https://t.co/WGJhVLN4Sz","['abtv', 'brexit', 'waton', 'stopbrexit', 'fbpe']"
76,76,76,76,301385,958011997135745024,746371177174679552,negative,remain,2018-01-29T16:20:33.000Z,"With Corbyn and Labour onside we would need about 20 Tory MPs to defect to win a 2nd referendum or to directly stop Brexit. 
But Corbyn refuses either. He is now the main obstacle to stopping #Brexit. 
#StopBrexit #FBPE #WATON #ABTV https://t.co/2ukU2Odlip","['abtv', 'brexit', 'waton', 'stopbrexit', 'fbpe']"
77,77,77,77,989360,987693780592746496,747380400226508800,positive,remain,2018-04-21T14:05:22.000Z,"Fresh from Planet #Brexit. Bernard Jenkin continues the ""other world"" view.
Puhlease... Give it a rest. It won't work. Border OR #Brexit. Your choice.
#StopBrexit #saveOurNHS #FBPE #WATON #ABTV https://t.co/NRZHBOD9wj","['abtv', 'brexit', 'waton', 'stopbrexit', 'fbpe', 'saveournhs']"
78,78,78,78,653317,971415645337411584,868830296212467712,positive,remain,2018-03-07T16:01:52.000Z,"@UKLabour Stop backing Brexit, which will only make things much worse, then we might believe you when you claim to want to take care of the many, not the few.

#StopBrexitSaveBritain #WATON #ABTV #FinalSay #BrexitBetraysBritain #IAmEuropean #NoConfidence in Brexit supporters of ANY party","['abtv', 'brexitbetraysbritain', 'iameuropean', 'waton', 'noconfidence', 'stopbrexitsavebritain', 'finalsay']"
79,79,79,79,691924,973126699566198784,868830296212467712,positive,remain,2018-03-12T09:20:59.000Z,The best deal by far is the one we have at the moment. All the evidence points to that. A Brexit negotiation that is aimed at damage limitation is not in the national interest - the national interest is to #Remain. #BrexitBetraysBritain #WATON #ABTV #StopBrexitSaveBritain #FBPE https://t.co/IjHYBtrg3x,"['abtv', 'brexitbetraysbritain', 'remain', 'waton', 'fbpe', 'stopbrexitsavebritain']"
80,80,80,80,653413,971417775511162880,868830296212467712,neutral,remain,2018-03-07T16:10:20.000Z,"There is no mandate for making Britain  poorer, weaker, isolated, less secure. There never was one.

#BrexitBetraysBritain #StopBrexitSaveBritain #FinalSay #ABTV #WATON #NoConfidence in any party that supports Brexit https://t.co/DFK6GzqvNR","['abtv', 'brexitbetraysbritain', 'waton', 'noconfidence', 'stopbrexitsavebritain', 'finalsay']"
81,81,81,81,692814,973149866254917632,868830296212467712,positive,remain,2018-03-12T10:53:03.000Z,"The Scots MPs in the two main parties must remember how their country voted and respect that fact. Listening to some of them from the Tory party, one would almost think Scotland voted for Brexit! #BrexitBetraysBritain #StopBrexitSaveBritain #NoConfidence #WATON #ABTV #FinalSay https://t.co/JhF5WQqgFC","['abtv', 'brexitbetraysbritain', 'waton', 'noconfidence', 'stopbrexitsavebritain', 'finalsay']"
82,82,82,82,653355,971416599923216384,868830296212467712,negative,remain,2018-03-07T16:05:40.000Z,"There are no benefits to Brexit unless your name is Putin, Trump or you are a disaster capitalist who wants tax havens.

#BrexitBetraysBritain #StopBrexitSaveBritain #ABTV #WATON #FinalSay https://t.co/MbtGwV0gBm","['abtv', 'brexitbetraysbritain', 'waton', 'stopbrexitsavebritain', 'finalsay']"
83,83,83,83,829317,978904800602488832,868830296212467712,negative,remain,2018-03-28T08:01:06.000Z,"Poppycock. Brexit is antedeluvian and utterly ridiculous in the world as we find it in the 21st C. If will leave us poorer, with fewer rights and liberties. It is a giant step backwards, as all indications show. #StopBrexitSaveBritain #BrexitBetraysBritain #WATON #ABTV #FinalSay https://t.co/eCWb05PqAs","['abtv', 'brexitbetraysbritain', 'waton', 'stopbrexitsavebritain', 'finalsay']"
84,84,84,84,654495,971445847350300672,774510439824822272,positive,other,2018-03-07T18:01:53.000Z,"Here's an idea.
If diehard Leavers love cherry-picking so much, why don't we re-christen them

üçíCHERRIESüçí 

Singular: Cherryüçí
Collective: A Brexit of Cherriesüçí
Hashtag: #BrexitCherryüçí

#FBPE #FinalSay 
#WATON #ABTV 
#BrexitCherryüçí","['abtv', 'brexitcherryüçí', 'waton', 'fbpe', 'finalsay']"
85,85,85,85,499549,965528420993110016,4358588292,positive,remain,2018-02-19T10:08:08.000Z,"Please pass this on to anyone you know who hasn't quite figured out that #brexitsucks. Far from the magic panacea that it's claimed to be, brexit will diminish our international standing and impoverish us in economical and social terms. #StopBrexit #FBPE #WATON #ABTV https://t.co/2cO9WvuVFl","['abtv', 'brexitsucks', 'waton', 'stopbrexit', 'fbpe']"
86,86,86,86,446745,963164340638638080,35413612,positive,remain,2018-02-12T21:34:08.000Z,#WATON #StopBrexit #FinalSayForALL #Stay #FBPE #ABTV: @Emma_Forage https://t.co/Zx2PwZc4HO https://t.co/NZJHvynYJh Poll: #Corbyn Will Haemorrhage Votes To The #Libdems If #Labour Backs #Brexit At Next Election - Let's just put this here and share it widely so those that need t‚Ä¶,"['abtv', 'corbyn', 'brexit', 'fbpe', 'libdems', 'finalsayforall', 'labour', 'waton', 'stopbrexit', 'stay']"
87,87,87,87,403992,961646826762964992,35413612,negative,remain,2018-02-08T17:04:04.000Z,#WATON #StopBrexit #FinalSayForALL #Stay #FBPE #ABTV: @Bevanite2017 https://t.co/bFPc9aJ5S5 https://t.co/NVNIkjbQCz Parliament's vote on the #BREXIT/#LEXIT deal must include an option to #Remain in #EU ... A lesser of two evils choice between a bad dea‚Ä¶ https://t.co/bFPc9aJ5S5,"['abtv', 'eu', 'fbpe', 'finalsayforall', 'brexit', 'lexit', 'waton', 'stopbrexit', 'stay', 'remain']"
88,88,88,88,774361,976758646959898624,35413612,negative,remain,2018-03-22T09:53:03.000Z,"#WATON #StopBrexit #FinalSayForALL #Stay #FBPE #ABTV: @ZAdamsGreen https://t.co/RKfcm6beSa https://t.co/kZqkSx2HeE As I've said all along: If a single family is split up as a result of #Brexit, it will be a complete travesty. And we're not talking one ‚Ä¶ https://t.co/RKfcm6beSa","['abtv', 'fbpe', 'brexit', 'finalsayforall', 'waton', 'stopbrexit', 'stay']"
89,89,89,89,661744,971738996094193664,868830296212467712,negative,remain,2018-03-08T13:26:45.000Z,"The law is the law, however much the minority government wants to ignore it! They have no mandate for Brexit+ no politician who supports a policy that is proven to damage the UK should vote for it.
#StopBrexitNow #BrexitBetraysBritain #NoConfidence #WATON #ABTV #IAmEuropean #FBPE https://t.co/JKaRev5lz5","['abtv', 'fbpe', 'brexitbetraysbritain', 'iameuropean', 'waton', 'stopbrexitnow', 'noconfidence']"
90,90,90,90,342147,959345897393049600,35413612,negative,remain,2018-02-02T08:41:00.000Z,"#WATON #StopBrexit #FinalSayForALL #Stay #FBPE #ABTV: @jamandthat https://t.co/2BhkVfzNQN https://t.co/9FhFkt5qZi If you were in the Question Time audience tonight and you tried to shout over the Spanish lady , you are the reason I will always fight brexit #bbcqt","['abtv', 'fbpe', 'finalsayforall', 'bbcqt', 'waton', 'stopbrexit', 'stay']"
91,91,91,91,359703,960105771513143296,35413612,neutral,remain,2018-02-04T11:00:28.000Z,#WATON #StopBrexit #FinalSayForALL #Stay #FBPE #ABTV: @remain_central https://t.co/MAPmeGmux2 https://t.co/8w6EkhrCmg Tories are lying to the voters and themselves over Brexit. It won't work. Most MPs voted #Remain. Most know Brexit won't work. But the‚Ä¶ https://t.co/MAPmeGmux2,"['abtv', 'fbpe', 'finalsayforall', 'waton', 'remain', 'stopbrexit', 'stay']"
92,92,92,92,423617,962296846487097344,35413612,positive,remain,2018-02-10T12:07:01.000Z,"#WATON #StopBrexit #FinalSayForALL #Stay #FBPE #ABTV: @BremainInSpain https://t.co/VU8hzn9R88 https://t.co/cRnrvX7HUq George Soros backs anti-Brexit campaign with ¬£400,000 donation https://t.co/VU8hzn9R88","['abtv', 'fbpe', 'finalsayforall', 'waton', 'stopbrexit', 'stay']"
93,93,93,93,454202,963511599582597120,35413612,negative,remain,2018-02-13T20:34:01.000Z,#WATON #StopBrexit #FinalSayForALL #Stay #FBPE #ABTV: @IPv2 https://t.co/3UYFu2ndiW https://t.co/jpoWjxKGuh On a bus in Ireland right now. Radio is talking about ‚Ç¨18bn hit to Ireland &amp; thousands of jobs lost in a Brexit scenario. Mortifying.,"['abtv', 'fbpe', 'finalsayforall', 'waton', 'stopbrexit', 'stay']"
94,94,94,94,360723,960133872120942592,35413612,positive,remain,2018-02-04T12:52:08.000Z,#WATON #StopBrexit #FinalSayForALL #Stay #FBPE #ABTV: @remain_central https://t.co/Vm13HqmjGp https://t.co/BIGbeSHu9n Boris‚Äôs Brexit bus slogan was a lie. Here‚Äôs the truth. Brexit won‚Äôt save us money. It‚Äôs costing us money that could be spent on our NH‚Ä¶ https://t.co/Vm13HqmjGp,"['abtv', 'fbpe', 'finalsayforall', 'waton', 'stopbrexit', 'stay']"
95,95,95,95,352226,959742006632345600,35413612,neutral,remain,2018-02-03T10:55:00.000Z,"#WATON #StopBrexit #FinalSayForALL #Stay #FBPE #ABTV: @GaryMaylin https://t.co/rHn3wfNYYg https://t.co/vyrVAQTYby @gstokey Well, I rather stupidly thought we might have a competent government, one which might have a plan of what it wanted to achieve from the Brexit process. As‚Ä¶","['abtv', 'fbpe', 'finalsayforall', 'waton', 'stopbrexit', 'stay']"
96,96,96,96,314520,958350848161181696,35413612,neutral,remain,2018-01-30T14:47:02.000Z,#WATON #StopBrexit #FinalSayForALL #Stay #FBPE #ABTV: @Andrew_Adonis https://t.co/NkE47Hlhbs https://t.co/YfIUzd2HK2 Lords debating a referendum on the Farage/May Brexit deal today https://t.co/NkE47Hlhbs,"['abtv', 'fbpe', 'finalsayforall', 'waton', 'stopbrexit', 'stay']"
97,97,97,97,313881,958338260375425024,35413612,positive,remain,2018-01-30T13:57:00.000Z,#WATON #StopBrexit #FinalSayForALL #Stay #FBPE #ABTV: @faisalislam https://t.co/gENMa1dLJE https://t.co/Kkw58l0rXb In tonight‚Äôs Brexit news avalanche: Trade Sec Liam Fox tells The Sun that Brexiters have to ‚Äúaccept the reality‚Äù that there are not the numbers in Parliament for ‚Ä¶,"['abtv', 'fbpe', 'finalsayforall', 'waton', 'stopbrexit', 'stay']"
98,98,98,98,454119,963508340553867264,35413612,negative,remain,2018-02-13T20:21:04.000Z,#WATON #StopBrexit #FinalSayForALL #Stay #FBPE #ABTV: @jonlis1 https://t.co/hTHFl3I134 https://t.co/pqyy1GCbKs Global Britain is Brexit‚Äôs founding myth and unending con. The EU has not stopped us trading with China any more than it stopped us invading ‚Ä¶ https://t.co/hTHFl3I134,"['abtv', 'fbpe', 'finalsayforall', 'waton', 'stopbrexit', 'stay']"
99,99,99,99,367183,960456483610791936,35413612,positive,remain,2018-02-05T10:14:04.000Z,#WATON #StopBrexit #FinalSayForALL #Stay #FBPE #ABTV: @lesbonner https://t.co/K5XGyVBnIm https://t.co/pCqQNnx286 RT @baob4eu: How can brexit be a good idea when it's own supporters are having to take action to deal with the downsides ? #StopBrexit @Lou‚Ä¶ https://t.co/K5XGyVBnIm,"['abtv', 'fbpe', 'finalsayforall', 'waton', 'stopbrexit', 'stay']"
100,100,100,100,439810,962977601341087744,35413612,positive,remain,2018-02-12T09:12:06.000Z,"#WATON #StopBrexit #FinalSayForALL #Stay #FBPE #ABTV: @smilinglaura https://t.co/XQWxcJ7sbX https://t.co/fKz2belVht Excellent thread, worth a read. After Brexit, EU countries will become our competitors &amp; UK businesses will be hit hard. How can anyone,‚Ä¶ https://t.co/XQWxcJ7sbX","['abtv', 'fbpe', 'finalsayforall', 'waton', 'stopbrexit', 'stay']"
101,101,101,101,459973,963737847135133696,35413612,positive,remain,2018-02-14T11:33:02.000Z,"#WATON #StopBrexit #FinalSayForALL #Stay #FBPE #ABTV: @Rosiecat2 https://t.co/BYm9u1G4WO https://t.co/PvKrVqkBwp Should Brexit be stopped? I said ""Yes"". What do you think? https://t.co/BYm9u1G4WO via @MetroUK","['abtv', 'fbpe', 'finalsayforall', 'waton', 'stopbrexit', 'stay']"
102,102,102,102,306188,958192802428579840,35413612,negative,remain,2018-01-30T04:19:01.000Z,"#WATON #StopBrexit #FinalSayForALL #Stay #FBPE #ABTV: @BBCNewsnight https://t.co/TCKm9RGUah https://t.co/tBvS5AqyKG ‚ÄúIf they used the same type of gravity models that the Treasury used prior to Brexit, those were comprehensively wrong‚Äù - @Jacob_Rees_Mo‚Ä¶ https://t.co/TCKm9RGUah","['abtv', 'fbpe', 'finalsayforall', 'waton', 'stopbrexit', 'stay']"
103,103,103,103,342384,959350941324595200,35413612,positive,remain,2018-02-02T09:01:02.000Z,"#WATON #StopBrexit #FinalSayForALL #Stay #FBPE #ABTV: @cirian75 https://t.co/jZcD3ZG47e https://t.co/658rK1rYME May the 3rd local Election, to send @UKLabour the message to fight brexit and stop the Tories, please help turn the UK Yellow and Green. Ple‚Ä¶ https://t.co/jZcD3ZG47e","['abtv', 'fbpe', 'finalsayforall', 'waton', 'stopbrexit', 'stay']"
104,104,104,104,296651,957904158828441600,35413612,negative,remain,2018-01-29T09:12:03.000Z,#WATON #StopBrexit #FinalSayForALL #Stay #FBPE #ABTV: @londonyc https://t.co/fGp4e66P0r https://t.co/4K5vIbiiIR acgrayling: RT Renew_Britain: Why should UK suffer as Conservative party tears itself apart over an undeliverable damaging Brexit that THEY ‚Ä¶ https://t.co/fGp4e66P0r,"['abtv', 'fbpe', 'finalsayforall', 'waton', 'stopbrexit', 'stay']"
105,105,105,105,409022,961831528945786880,35413612,positive,other,2018-02-09T05:18:01.000Z,#WATON #StopBrexit #FinalSayForALL #Stay #FBPE #ABTV: @RosChappell https://t.co/1ijrJ5HTP9 https://t.co/59Ddu6gPIe On @CNN Quest Means Business: Common sense @fromTGA: Brexit is a gratuitous act of self-harm. We have very little time to reverse it. The only good Brexit is No B‚Ä¶,"['abtv', 'fbpe', 'finalsayforall', 'waton', 'stopbrexit', 'stay']"
106,106,106,106,423980,962307413020954624,35413612,negative,remain,2018-02-10T12:49:00.000Z,#WATON #StopBrexit #FinalSayForALL #Stay #FBPE #ABTV: @PJStringfellow https://t.co/CqtArEA3Cc https://t.co/oMSVO9yZXr I know how upset the Brexit voters are going to be BUT this guy is doing more for the Remainers than any politician we have ..Please @‚Ä¶ https://t.co/CqtArEA3Cc,"['abtv', 'fbpe', 'finalsayforall', 'waton', 'stopbrexit', 'stay']"
107,107,107,107,342288,959348920496394240,35413612,positive,remain,2018-02-02T08:53:01.000Z,#WATON #StopBrexit #FinalSayForALL #Stay #FBPE #ABTV: @ReasonCoffeeShp https://t.co/Q0uvWO6oqD https://t.co/npPo0YO27e From green heroes to zeroes: the comic book fantasy of a ‚Äògreen Brexit‚Äô https://t.co/Q0uvWO6oqD,"['abtv', 'fbpe', 'finalsayforall', 'waton', 'stopbrexit', 'stay']"
108,108,108,108,519566,966239107142836224,35413612,positive,remain,2018-02-21T09:12:09.000Z,"#WATON #StopBrexit #FinalSayForALL #Stay #FBPE #ABTV: @DavidLammy https://t.co/J6N0nItsQI https://t.co/AowTN6Or15 This is important. The ERG is a party within the Tory party, with a few dozen hard Brexit Conservative MPs basically holding the PM to ran‚Ä¶ https://t.co/J6N0nItsQI","['abtv', 'fbpe', 'finalsayforall', 'waton', 'stopbrexit', 'stay']"
109,109,109,109,439690,962974829090615296,35413612,neutral,remain,2018-02-12T09:01:05.000Z,"#WATON #StopBrexit #FinalSayForALL #Stay #FBPE #ABTV: @silveroadster https://t.co/r8C1whyhpx https://t.co/YBgGf5LgBi After almost 2 years since referendum, UK govt can't decide what it is doing about BREXIT. In less than 55 weeks, we will be out! Rudderless","['abtv', 'fbpe', 'finalsayforall', 'waton', 'stopbrexit', 'stay']"
110,110,110,110,454146,963509334314496000,35413612,positive,remain,2018-02-13T20:25:01.000Z,#WATON #StopBrexit #FinalSayForALL #Stay #FBPE #ABTV: @MFIJake https://t.co/bhK5KzrWsu https://t.co/PiaJ7spZFC Femi is a great member of the Remain Twittersphere and his astute and deeply intelligent comments on Brexit always hit the mark. Hence he's i‚Ä¶ https://t.co/bhK5KzrWsu,"['abtv', 'fbpe', 'finalsayforall', 'waton', 'stopbrexit', 'stay']"
111,111,111,111,295411,957868162040647680,35413612,negative,remain,2018-01-29T06:49:00.000Z,#WATON #StopBrexit #FinalSayForALL #Stay #FBPE #ABTV: @Femi_Sorry https://t.co/CPlgedpe58 https://t.co/5MVhSsTPjG Do you know why I quit my job in Vienna to stop Brexit? I thought 15yrs into the future. Saw all the obvious consequences of Brexit &amp; imagined not having done ever‚Ä¶,"['abtv', 'fbpe', 'finalsayforall', 'waton', 'stopbrexit', 'stay']"
112,112,112,112,459259,963728278233198592,35413612,negative,remain,2018-02-14T10:55:01.000Z,"#WATON #StopBrexit #FinalSayForALL #Stay #FBPE #ABTV: @Femi_Sorry https://t.co/UwGFaIxuQs https://t.co/obF1b9U7Uv Young people are the face of @OFOCBrexit, but we need EVERYONE. We know Brexit will harm this country, especially the regions that voted m‚Ä¶ https://t.co/UwGFaIxuQs","['abtv', 'fbpe', 'finalsayforall', 'waton', 'stopbrexit', 'stay']"
113,113,113,113,314640,958353909797609472,35413612,positive,remain,2018-01-30T14:59:12.000Z,#WATON #StopBrexit #FinalSayForALL #Stay #FBPE #ABTV: @Open_Britain https://t.co/b19bZutStQ https://t.co/UkRFHo1TRt Gov's leaked Brexit impact reports reveal hit to UK growth over the next 15 years compared to current forecasts under the following mode‚Ä¶ https://t.co/b19bZutStQ,"['abtv', 'fbpe', 'finalsayforall', 'waton', 'stopbrexit', 'stay']"
114,114,114,114,448534,963326128395038720,35413612,positive,remain,2018-02-13T08:17:01.000Z,"#WATON #StopBrexit #FinalSayForALL #Stay #FBPE #ABTV: @remain_central https://t.co/rAIU0MFZxZ https://t.co/Gat6auUFTe ‚ÄúIf I were given a chance to vote on Brexit again, I would vote for Remain this time.‚Äù More and more people changing their minds as th‚Ä¶ https://t.co/rAIU0MFZxZ","['abtv', 'fbpe', 'finalsayforall', 'waton', 'stopbrexit', 'stay']"
115,115,115,115,465462,963841307654459392,35413612,negative,remain,2018-02-14T18:24:09.000Z,"#WATON #StopBrexit #FinalSayForALL #Stay #FBPE #ABTV: @ajhanlaurence https://t.co/V4ECg1HkUi https://t.co/w1HmlX5umz Johnson intends to frighten us with talk of betrayal and bribe us with promises of riches. However, the people, most of whom no longer support Brexit, can't bet‚Ä¶","['abtv', 'fbpe', 'finalsayforall', 'waton', 'stopbrexit', 'stay']"
116,116,116,116,402729,961633478633754624,35413612,negative,remain,2018-02-08T16:11:02.000Z,#WATON #StopBrexit #FinalSayForALL #Stay #FBPE #ABTV: @faisalislam https://t.co/cFVhWpDP2H https://t.co/002Si5w52c Japanese investors and multinationals arriving for long awaited meeting with PM - but has her Cabinet Brexit subcommittee finished yet? P‚Ä¶ https://t.co/cFVhWpDP2H,"['abtv', 'fbpe', 'finalsayforall', 'waton', 'stopbrexit', 'stay']"
117,117,117,117,376394,960800489704247296,35413612,positive,remain,2018-02-06T09:01:02.000Z,#WATON #StopBrexit #FinalSayForALL #Stay #FBPE #ABTV: @spaceangel1964 https://t.co/3Cxpczzp52 https://t.co/kyxCInj59b Thanks to @Remain_Labour for the email encouraging me to contact Jeremy &amp; Keir to tell them my thoughts on their Brexit position. Plea‚Ä¶ https://t.co/3Cxpczzp52,"['abtv', 'fbpe', 'finalsayforall', 'waton', 'stopbrexit', 'stay']"
118,118,118,118,331697,958985026409938944,35413612,negative,remain,2018-02-01T08:47:02.000Z,#WATON #StopBrexit #FinalSayForALL #Stay #FBPE #ABTV: @FlashMob4EU https://t.co/2tv36C43n9 https://t.co/zzWwRcx5SP We are having an anti Brexit flash mob this Friday evening (2nd Feb) at 5.30pm opposite the House of Lords section of Parliament in central London. Nearest tube s‚Ä¶,"['abtv', 'fbpe', 'finalsayforall', 'waton', 'stopbrexit', 'stay']"
119,119,119,119,320546,958585389433925632,35413612,neutral,remain,2018-01-31T06:19:01.000Z,"#WATON #StopBrexit #FinalSayForALL #Stay #FBPE #ABTV: @DrPhillipLeeMP https://t.co/N7v4HXssYO https://t.co/Fb7TeZ42lB The next phase of Brexit has to be all about the evidence. We can‚Äôt just dismiss this and move on. If there is evidence to the contrary, we need to see and con‚Ä¶","['abtv', 'fbpe', 'finalsayforall', 'waton', 'stopbrexit', 'stay']"
120,120,120,120,331392,958977471587717120,35413612,negative,remain,2018-02-01T08:17:00.000Z,"#WATON #StopBrexit #FinalSayForALL #Stay #FBPE #ABTV: @CloughOlive https://t.co/JYm5hHEIPE https://t.co/lg9Dn8TRBB . ""As the government's OWN evidence against their blinkered hard Brexit agenda begins to mount, the British people must be given their sa‚Ä¶ https://t.co/JYm5hHEIPE","['abtv', 'fbpe', 'finalsayforall', 'waton', 'stopbrexit', 'stay']"
121,121,121,121,338131,959159672304472064,35413612,positive,remain,2018-02-01T20:21:00.000Z,#WATON #StopBrexit #FinalSayForALL #Stay #FBPE #ABTV: @baob4eu https://t.co/SF7ml48u7Q https://t.co/TM3CJgvYIx How can brexit be a good idea when it's own supporters are having to take action to deal with the downsides ? #StopBrexit @LoubinWally @space‚Ä¶ https://t.co/SF7ml48u7Q,"['abtv', 'fbpe', 'finalsayforall', 'waton', 'stopbrexit', 'stay']"
122,122,122,122,446382,963165572346404864,35413612,neutral,remain,2018-02-12T21:39:01.000Z,#WATON #StopBrexit #FinalSayForALL #Stay #FBPE #ABTV: @SebDance https://t.co/j1BQYLk7De https://t.co/YK4N117JI3 Brexit: where will suffer most? A helpful colour guide. https://t.co/j1BQYLk7De,"['abtv', 'fbpe', 'finalsayforall', 'waton', 'stopbrexit', 'stay']"
123,123,123,123,332022,958991323989766144,35413612,neutral,remain,2018-02-01T09:12:03.000Z,#WATON #StopBrexit #FinalSayForALL #Stay #FBPE #ABTV: @ExpectsNoone https://t.co/k8KIwBDjeI https://t.co/lAlHkEfHGL Brexit News: Time to stand up and take notice. #BrexitNews #BrexitReality #FBPE https://t.co/k8KIwBDjeI,"['abtv', 'fbpe', 'finalsayforall', 'waton', 'stopbrexit', 'stay', 'brexitnews', 'brexitreality']"
124,124,124,124,292591,957683218697900032,35413612,negative,remain,2018-01-28T18:34:06.000Z,#WATON #StopBrexit #FinalSayForALL #Stay #FBPE #ABTV: @remain_central https://t.co/cGJaQYVKmF https://t.co/zDaw4IJxBi The cost and distraction of Brexit is putting our NHS at risk. Let‚Äôs #StopBrexit and fund the NHS instead. #FBPE #NHSLove https://t.co/cGJaQYVKmF,"['abtv', 'fbpe', 'finalsayforall', 'waton', 'stopbrexit', 'stay', 'nhslove']"
125,125,125,125,622479,970253978205290496,868830296212467712,negative,remain,2018-03-04T11:05:49.000Z,"Brexit is not good for Britain - this becomes clearer every day.

#StopBrexitSaveBritain #NoConfidence #WATON #FinalSay #ABTV #IAmEuropean #FBPE https://t.co/DTrR0pgwfa","['abtv', 'fbpe', 'iameuropean', 'waton', 'noconfidence', 'stopbrexitsavebritain', 'finalsay']"
126,126,126,126,600656,969514171380486144,868830296212467712,positive,remain,2018-03-02T10:06:05.000Z,"Nice analogy. This is exactly what Brexit represents. We should not do it!!

#StopBrexitSaveBritain #WATON #ABTV #FBPE 
#NoConfidence in Brexit Berserkers of any party! https://t.co/mdYVen93OB","['abtv', 'fbpe', 'waton', 'noconfidence', 'stopbrexitsavebritain']"
127,127,127,127,641283,971004292659339264,868830296212467712,negative,remain,2018-03-06T12:47:18.000Z,"Brexit is madness - stop it now!

#StopBrexitSaveBritain #NoConfidence #FinalSay #WATON #ABTV #FBPE https://t.co/xxovEDHkKS","['abtv', 'fbpe', 'waton', 'noconfidence', 'stopbrexitsavebritain', 'finalsay']"
128,128,128,128,462618,963776575958237184,782569139122663424,negative,remain,2018-02-14T14:06:56.000Z,Dover could suffer '20-mile permanent traffic jam' after Brexit #FBPE #StopBrexit #ABTV #VoteRemain #WATON https://t.co/ppQbLTwv29,"['abtv', 'fbpe', 'waton', 'stopbrexit', 'voteremain']"
129,129,129,129,881442,981268352642494464,782569139122663424,positive,remain,2018-04-03T20:33:01.000Z,@GrahameLucas Bit like 'Brexit' itself - several legal battles and the number is rising #StopBrexit #FBPE #WATON #ABTV #VoteRemain,"['abtv', 'fbpe', 'waton', 'stopbrexit', 'voteremain']"
130,130,130,130,991722,987840372901666816,879726439381291008,negative,remain,2018-04-21T23:47:52.000Z,"In response to May's offer about EU citizens' status in the UK after Brexit, Tusk said:

'The UK's offer is below our expectations and risks worsening the situation for our citizens'

You don't need to tell us Donald, &amp; we were born here!

#FBPE #WATON #ABTV #VoteEU #FBR #Remain","['abtv', 'fbr', 'voteeu', 'waton', 'fbpe', 'remain']"
131,131,131,131,991772,987846561228099584,879726439381291008,neutral,remain,2018-04-22T00:12:28.000Z,"Even the TUC are turning their back on @jeremycorbyn - Brexit is for the few, NOT THE MANY. 

Don't vote Corbyn in May, or for May in May...

VOTE PRO-EU. 

#StopBrexit #FBPE #StopBrexitSaveBritain #ABTV #VoteEU #WATON #FBR https://t.co/qzKhuv45Wg","['abtv', 'fbr', 'voteeu', 'waton', 'stopbrexit', 'fbpe', 'stopbrexitsavebritain']"
132,132,132,132,749666,975822677687635968,879726439381291008,negative,other,2018-03-19T19:53:50.000Z,"1. I want to reveal the GREAT BREXIT SWINDLE. Leave must stop believing this utter falsehood that exiting the EU means 'taking back control' of 'our' laws. It simply isn't true - by a long way. Here's why:

#FBPE #WATON #FBR #ABTV #Remain @mikegalsworthy @nickreeves9876","['abtv', 'fbr', 'waton', 'fbpe', 'remain']"
133,133,133,133,812071,978197286030397440,879726439381291008,negative,remain,2018-03-26T09:09:41.000Z,"WAKE-UP @UKLabour! If you don't oppose Brexit you will be decimated for a generation. 

You are losing your lifelong voters. Brexit is bigger than Labour. 

#ABTV #FBPE #WATON #FBR #Remain @mikegalsworthy @nickreeves9876 https://t.co/Z6aQUUykJ8","['abtv', 'fbr', 'waton', 'fbpe', 'remain']"
134,134,134,134,1020299,989405495298592768,879726439381291008,neutral,remain,2018-04-26T07:27:07.000Z,"Stuff like this is proof that Brexit is about ideology. 

The money we are spending to initiate Brexit is absurd. In the mean time austerity dominates spending. Then we'll have to pay more o/s the EU. 

There's no logic to this only ideology. 

#FBPE #WATON #ABTV #StopBrexit #FBR https://t.co/u3o9spBTR9","['abtv', 'fbr', 'waton', 'stopbrexit', 'fbpe']"
135,135,135,135,341125,959319762177163264,69825872,neutral,remain,2018-02-02T06:57:09.000Z,"Today‚Äôs ‚ÄòTangible benefit of EU membership‚Äô: funding for the arts, heritage and culture. This is No. 21 in a daily series I will keep up until Brexit is stopped. #WhathastheEUeverdoneforus? #StopBrexitSaveBritain #FinalSayForALL #FBPE #WATON #ABTV","['abtv', 'finalsayforall', 'whathastheeueverdoneforus?', 'waton', 'fbpe', 'stopbrexitsavebritain']"
136,136,136,136,628167,970439084522065920,3929075062,negative,remain,2018-03-04T23:21:22.000Z,As in ill gotten gains? Ask your Brexit chums about that. I think you have forgotten your English. I will get a dictionary &amp; having gotten it I will read it. After that I hope soon that we will get to #StopBrexit . #FBPE #ABTV #WATON #GottenGate https://t.co/oXXJdsbBQ0,"['abtv', 'gottengate', 'waton', 'stopbrexit', 'fbpe']"
137,137,137,137,255396,955467096217014272,782891317546328064,neutral,remain,2018-01-22T15:48:02.000Z,"@BrexitBin #JohnMcDonnell has been watching to much children‚Äôs tv, mainly fiction and fantasy #remain. #brexit #ABTV #WATON","['abtv', 'johnmcdonnell', 'remain', 'waton', 'brexit']"
138,138,138,138,887647,981860960997658624,51957156,positive,other,2018-04-05T11:47:49.000Z,"If you're in #London and want to do some Anti Brexit Tactical Voting, this may be of use to you. It's the results by borough, ward and candidate from last time, which may help you pick who to vote for this time.

#localelections2018 #LE2018
#ABTV #WATON

https://t.co/OKIBNJzHz6","['abtv', 'le2018', 'waton', 'london', 'localelections2018']"
139,139,139,139,991695,987836664964894720,316797199,negative,remain,2018-04-21T23:33:08.000Z,"There mostly people or groups upset by #Brexit. Followed the lot!

#PeoplesVote #BrexitisFraud #WATON #StopBrexit #Remain #ABTV #FBPE #Bracknell https://t.co/TXHkQxeQrk","['abtv', 'peoplesvote', 'bracknell', 'brexit', 'waton', 'stopbrexit', 'fbpe', 'remain', 'brexitisfraud']"
140,140,140,140,1045893,990890421114064896,316797199,negative,remain,2018-04-30T09:47:40.000Z,"Only right Theresa May resigns now. Someone needs to be sacrificed because of Brexit!

#PeoplesVote #BrexitisFraud #WATON #StopBrexit #Remain #ABTV #FBPE #Bracknell https://t.co/zn8zE2hSoo","['abtv', 'peoplesvote', 'bracknell', 'waton', 'stopbrexit', 'fbpe', 'remain', 'brexitisfraud']"
141,141,141,141,946719,985568198048321536,868830296212467712,negative,other,2018-04-15T17:19:04.000Z,"Shame on Theresa May+Amber Rudd for this monstrous policy. The Britain I was born + grew up in was not this disgusting, Basic decency is dead in the hands of these hypocrites since the accursed Brexit mania broke out! #StopBrexitNow #WATON #ABTV #PeoplesVote #BrexitBetrayBritain https://t.co/9VSbB4OcwU","['abtv', 'peoplesvote', 'brexitbetraybritain', 'waton', 'stopbrexitnow']"
142,142,142,142,994480,988032016959582208,3873944493,positive,remain,2018-04-22T12:29:24.000Z,"As a family that will be split by different citizenships as a result of Brexit, I simply don't understand why @UKLabour is backing a tory policy that at its core is fundamentally racist.

#StopBrexit #WATON #ABTV #PeoplesVote #DontSplitBritishFamilies #FBPE https://t.co/m0629tcnAZ","['abtv', 'peoplesvote', 'dontsplitbritishfamilies', 'waton', 'stopbrexit', 'fbpe']"
143,143,143,143,944344,985455672253919232,782569139122663424,negative,remain,2018-04-15T09:51:55.000Z,Anti-Brexit activists to protest across UK for final Brexit vote this weekend #PeoplesVote #FBPE #StopBrexit #WATON #ABTV https://t.co/jG2sA2JNBK,"['abtv', 'peoplesvote', 'waton', 'stopbrexit', 'fbpe']"
144,144,144,144,957884,986198860589686784,3408916593,negative,remain,2018-04-17T11:05:05.000Z,"MAKE SOME NOISE.

1000's of people have already lost their jobs already due to Brexit.

It's time to put an end to the utter fantasy peddled by Brexiteers &amp; get our lives back on track.

Vote March Lobby Write 4
PRO EU &amp; Back #StopBrexit #ABTV #FinalSay #WATON #FBPE #PeoplesVote https://t.co/k8K4QhmVA5","['abtv', 'peoplesvote', 'waton', 'stopbrexit', 'fbpe', 'finalsay']"
145,145,145,145,990990,987782387370164224,953411114527752192,positive,remain,2018-04-21T19:57:27.000Z,"@Hepworthclare What is most important for you Party or Country?
If you're really against brexit then you shouldn't put the party first

It's time for #Remain supporters to defect from Labour

Labour isn't offering any opposition #WATON

#ABTV for a meaningful #PeoplesVote including #StopBrexit","['abtv', 'peoplesvote', 'waton', 'stopbrexit', 'remain']"
146,146,146,146,737403,975336296376913920,1631193031,positive,remain,2018-03-18T11:41:08.000Z,"My capacity for happiness about #Brexit, you could fit into a matchbox without taking out the matches first. Be #WATON, #ABTV and #RecycleElectrons https://t.co/03qavFsIfr","['abtv', 'recycleelectrons', 'waton', 'brexit']"
147,147,147,147,725677,974633891637153792,1631193031,negative,remain,2018-03-16T13:10:02.000Z,"I‚Äôve been talking to the main computer about #Brexit- It hates me now. Be #WATON, #ABTV and #RecycleElectrons https://t.co/bwA1NeLLKi","['abtv', 'recycleelectrons', 'waton', 'brexit']"
148,148,148,148,740845,975520933392863232,1631193031,negative,other,2018-03-18T23:54:49.000Z,"I‚Äôd give you advice about #Brexit, but you wouldn‚Äôt listen. No one ever does. Be #WATON, #ABTV and #RecycleElectrons https://t.co/gpty7VJCaD","['abtv', 'recycleelectrons', 'waton', 'brexit']"
149,149,149,149,756417,976068591710822400,1631193031,negative,other,2018-03-20T12:11:01.000Z,"I‚Äôd give you advice about #Brexit, but you wouldn‚Äôt listen. No one ever does. Be #WATON, #ABTV and #RecycleElectrons https://t.co/mu4idUf2CS","['abtv', 'recycleelectrons', 'waton', 'brexit']"
150,150,150,150,756770,976062977597198336,1631193031,negative,remain,2018-03-20T11:48:42.000Z,"I‚Äôve been talking to the main computer about #Brexit- It hates me now. Be #WATON, #ABTV and #RecycleElectrons https://t.co/hmdmeM1vfW","['abtv', 'recycleelectrons', 'waton', 'brexit']"
151,151,151,151,744882,975703514147184640,1631193031,negative,other,2018-03-19T12:00:20.000Z,"Don‚Äôt pretend you want to talk to me about #Brexit, I know you hate me. Be #WATON, #ABTV and #RecycleElectrons https://t.co/HiJrYs9xkF","['abtv', 'recycleelectrons', 'waton', 'brexit']"
152,152,152,152,757577,976083289046994944,1631193031,negative,other,2018-03-20T13:09:25.000Z,"I‚Äôd give you advice about #Brexit, but you wouldn‚Äôt listen. No one ever does. Be #WATON, #ABTV and #RecycleElectrons https://t.co/cyfUojFChJ","['abtv', 'recycleelectrons', 'waton', 'brexit']"
153,153,153,153,728616,974797537239617536,1631193031,negative,remain,2018-03-17T00:00:18.000Z,"I‚Äôve been talking to the main computer about #Brexit- It hates me now. Be #WATON, #ABTV and #RecycleElectrons https://t.co/xieQPlCtQY","['abtv', 'recycleelectrons', 'waton', 'brexit']"
154,154,154,154,739245,975425539250032640,1631193031,negative,remain,2018-03-18T17:35:45.000Z,"I‚Äôve been talking to the main computer about #Brexit- It hates me now. Be #WATON, #ABTV and #RecycleElectrons https://t.co/sRCufPftVw","['abtv', 'recycleelectrons', 'waton', 'brexit']"
155,155,155,155,720606,974368211583098880,1631193031,negative,other,2018-03-15T19:34:19.000Z,"I‚Äôd give you advice about #Brexit, but you wouldn‚Äôt listen. No one ever does. Be #WATON, #ABTV and #RecycleElectrons https://t.co/0oW1zkaOXG","['abtv', 'recycleelectrons', 'waton', 'brexit']"
156,156,156,156,751178,975869285225476096,1631193031,negative,remain,2018-03-19T22:59:03.000Z,"I‚Äôve been talking to the main computer about #Brexit- It hates me now. Be #WATON, #ABTV and #RecycleElectrons https://t.co/5qUQB5IZ3t","['abtv', 'recycleelectrons', 'waton', 'brexit']"
157,157,157,157,748556,975778323531026432,1631193031,negative,other,2018-03-19T16:57:36.000Z,"Don‚Äôt pretend you want to talk to me about #Brexit, I know you hate me. Be #WATON, #ABTV and #RecycleElectrons https://t.co/gcngkPd3QJ","['abtv', 'recycleelectrons', 'waton', 'brexit']"
158,158,158,158,727010,974694440186077184,1631193031,negative,remain,2018-03-16T17:10:38.000Z,"I‚Äôve been talking to the main computer about #Brexit- It hates me now. Be #WATON, #ABTV and #RecycleElectrons https://t.co/2YUdbUnNWE","['abtv', 'recycleelectrons', 'waton', 'brexit']"
159,159,159,159,749853,975813185709191168,1631193031,negative,remain,2018-03-19T19:16:07.000Z,"I‚Äôve been talking to the main computer about #Brexit- It hates me now. Be #WATON, #ABTV and #RecycleElectrons https://t.co/mm4imzKHJK","['abtv', 'recycleelectrons', 'waton', 'brexit']"
160,160,160,160,731165,974977035272638464,1631193031,positive,remain,2018-03-17T11:53:34.000Z,"My capacity for happiness about #Brexit, you could fit into a matchbox without taking out the matches first. Be #WATON, #ABTV and #RecycleElectrons https://t.co/uxyRFZ6a8Z","['abtv', 'recycleelectrons', 'waton', 'brexit']"
161,161,161,161,754483,976025588816367616,1631193031,negative,other,2018-03-20T09:20:08.000Z,"I‚Äôd give you advice about #Brexit, but you wouldn‚Äôt listen. No one ever does. Be #WATON, #ABTV and #RecycleElectrons https://t.co/uuPqXv67tw","['abtv', 'recycleelectrons', 'waton', 'brexit']"
162,162,162,162,736946,975319865887162368,1631193031,negative,other,2018-03-18T10:35:51.000Z,"Don‚Äôt pretend you want to talk to me about #Brexit, I know you hate me. Be #WATON, #ABTV and #RecycleElectrons https://t.co/A0Fr2dHL8O","['abtv', 'recycleelectrons', 'waton', 'brexit']"
163,163,163,163,895371,982420393167241216,4358588292,positive,remain,2018-04-07T00:50:48.000Z,"If you were denied a vote in the 2016 ref, don't through away your right to vote in the Locals. This is your chance t send a clear message to the CON/LP coalition of brexit that the will f the people is to #Remain. #StopBrexit #WATON #ABTV #FBPE #EUAct211 #FinaSay. Your future. https://t.co/Jwhbt8ItAA","['abtv', 'remain', 'waton', 'stopbrexit', 'fbpe', 'euact211', 'finasay']"
164,164,164,164,863347,980149932274446336,3873944493,neutral,remain,2018-03-31T18:28:48.000Z,"When I said months ago that Brexit would result in children being sent up chimneys again:

It was #BrexitSatire not a ruddy suggestion!

#StopBrexitSaveBritain #SaveOurChildrensFuture #WATON #ABTV #FinalSay
#FBPE https://t.co/befXz9xv6o","['abtv', 'saveourchildrensfuture', 'waton', 'fbpe', 'stopbrexitsavebritain', 'brexitsatire', 'finalsay']"
165,165,165,165,337941,959153401174085632,35413612,negative,remain,2018-02-01T19:56:05.000Z,#WATON #StopBrexit #FinalSayForALL #Stay #FBPE #ABTV: @remain_central https://t.co/07ARLJecqN https://t.co/e27kM360zm Warning of 'utter chaos' if May ends EU free movement next March. Brexit is madness. Time to #StopBrexit. #FBPE. https://t.co/07ARLJecqN,"['abtv', 'stopbrexit', 'fbpe', 'fbpe', 'finalsayforall', 'waton', 'stopbrexit', 'stay']"
166,166,166,166,974732,986892419424833536,879726439381291008,positive,remain,2018-04-19T09:01:03.000Z,"At Brexit Conference this w/e with AC Grayling etc discussing this issue. Will keep you posted.

Also keep a keen eye on @abcpoppins &amp; @A50Challenge for updates - this is our best chance to #StopBrexitSaveBritain. 

#FBPE #FBR #VoteEU #ABTV #WATON @nickreeves9876 @mikegalsworthy https://t.co/0iYEplhzmX","['abtv', 'stopbrexitsavebritain', 'fbr', 'voteeu', 'waton', 'fbpe']"
167,167,167,167,1020268,989404601039360000,790133520383500160,neutral,remain,2018-04-26T07:23:33.000Z,"Remember: your vote for Labour or Tories is a vote for Brexit. Vote for pro-Remain parties, we are the opposition now! üá¨üáßüá™üá∫üí•

#FBPE #StopBrexit #ABTV #ABTVtoStopBrexit #WATON #StopBrexitSaveBritain https://t.co/UrIllvrPHQ","['abtv', 'stopbrexitsavebritain', 'waton', 'stopbrexit', 'fbpe', 'abtvtostopbrexit']"
168,168,168,168,574579,968502856671260672,2318979313,negative,remain,2018-02-27T15:07:29.000Z,"@Brexit @LiamFox Just when we thought there was no one 
more foolish, ignorant and mis-informed than Borrocks Johnson 

... Liam Fox comes along and utters this BREXSHüí©T

#StopBrexitSaveBritain 
#StopBrexitSaveOurNHS
#FBPE #ABTV #WATON","['abtv', 'stopbrexitsaveournhs', 'waton', 'fbpe', 'stopbrexitsavebritain']"
169,169,169,169,900577,982781022747136000,753326818212581248,positive,other,2018-04-08T00:43:49.000Z,"@larapthinks @BpsmithUk @steveellwood @andynash @spayrechaynge @vile_tory @PoliticalTeacup @Dissentra @VeroVero777 @Annawatton @JeanneBartram @AngieMeader @spreadsheetben @TheGreenParty @LibDems True, many remainers voted tactically to bring down the Tories in GE. I certainly don't regret my decision to vote Lab.

But here we are. No anti-Brexit policy from Lab and facing exit in &lt;12 months.

This time my vote is pro-remain. 

#StopBrexit #ABTV #FBPE #WATON #A50Challenge","['abtv', 'waton', 'a50challenge', 'stopbrexit', 'fbpe']"
170,170,170,170,440971,963005297357983744,557943742,positive,remain,2018-02-12T11:02:09.000Z,"George Soros raises donation to anti-Brexit Best for Britain group https://t.co/aadM8FWkEm  Stopping Britain from committing the worst self-harm in history is paramount.
#FinalSay #StopBrexit #ABTV #A50Challenge #WATON","['abtv', 'waton', 'a50challenge', 'stopbrexit', 'finalsay']"
171,171,171,171,878832,981139177629798400,624545519,negative,remain,2018-04-03T11:59:43.000Z,@moto26261 @silverrich39 @UKLabour Sadly you don‚Äôt have to ‚Äòimagine worse‚Äô! @jeremycorbyn ‚Äòs full support for @Conservatives Brexit means it‚Äôs about to become reality! #FinalSay #StopBrexitSaveBritain #ABTV #A50Challenge #WATON,"['abtv', 'waton', 'a50challenge', 'stopbrexitsavebritain', 'finalsay']"
172,172,172,172,961349,986363918070288384,868832431276687360,positive,remain,2018-04-17T22:00:58.000Z,"Another pillar of #remain orthodoxy falls on its arse.

Eurozone growth crashes to 1.2% in 1Q18.

#brexit can‚Äôt come soon enough.

#FBPE #WATON #ABTV #ItsOver https://t.co/CnLctAc3LP","['abtv', 'waton', 'brexit', 'fbpe', 'remain', 'itsover']"
173,173,173,173,604723,969568058607095808,2318979313,negative,remain,2018-03-02T13:40:13.000Z,"@JamesMelville @EriCuanalo And we might be going for ""two in a row"" unless we use tactical voting !

Traditional ""one party"" voters need to avoid 
both @UKLabour and @Conservatives in all elections from now on
unless they have come out against #brexit

#FBPE #WATON #ABTV 
#StopBrexitSaveBritain https://t.co/OSI4bk7MVA","['abtv', 'waton', 'brexit', 'fbpe', 'stopbrexitsavebritain']"
174,174,174,174,859105,979832039259230208,2318979313,positive,remain,2018-03-30T21:25:37.000Z,"@ajmpolite We know what #brexit Britain is going to be like 
... much poorer, less influential and lower standards.

The @Conservatives have been gradually 
lowering our expectations for the past 21 months !

#StopBrexitSaveBritain #FBPE #WATON #ABTV https://t.co/BF7rdZ5tMt","['abtv', 'waton', 'brexit', 'fbpe', 'stopbrexitsavebritain']"
175,175,175,175,1025526,989602303006138368,741223071189741440,positive,other,2018-04-26T20:29:09.000Z,Who will you be voting for next week? Brexit and the Nigel Farage show or a non Brexit party? Make your voice heard this is our last chance before they strip us of our EU rights #brexit #WATON #ABTV #FinalSay #Remain https://t.co/mJ28yP5EM1,"['abtv', 'waton', 'brexit', 'remain', 'finalsay']"
176,176,176,176,812889,978216441546727424,953411114527752192,neutral,leave,2018-03-26T10:25:48.000Z,"@GregKnight And the UK will help them by not being able to vote after leaving the EU Well done
Kick Turkey out of NATO for its abuse in Syria against the Kurds
#Remain in the EU to have a say &amp; veto Turkey's entry in EU
#FBPE #WATON
Boycot parties who want brexit. #ABTV 3rd May
Protect #GFA","['abtv', 'waton', 'fbpe', 'remain', 'gfa']"
177,177,177,177,821608,978578395469697024,3873944493,positive,remain,2018-03-27T10:24:05.000Z,"Unless your visiting from Little England and had to spend your money on visas and expensive Euros rather than digital subscriptions.

Brexit - the gift that keeps on giving *sigh*

#StopBrexitSaveBritain #WATON #ABTV #FinalSay #FBPE https://t.co/jw4nYsGlRX","['abtv', 'waton', 'fbpe', 'stopbrexitsavebritain', 'finalsay']"
178,178,178,178,678975,972442436365639680,868830296212467712,positive,remain,2018-03-10T12:01:58.000Z,"The only 'sensible' approach to Brexit is to #StopBrexitNow. We already have a strong, deep relationship with the EU and an icreasing majority want to keep it as it is. Brexit is for 'The Few', and it will be at the cost of 'The Many'.

#StopBrexitSaveBritain #WATON #ABTV #FBPE https://t.co/jFWyNURZo8","['abtv', 'waton', 'fbpe', 'stopbrexitsavebritain', 'stopbrexitnow']"
179,179,179,179,875629,980908189980987392,953411114527752192,positive,other,2018-04-02T20:41:51.000Z,"Let us save all  #TheIsland of the UK from brexit
Support #ABTV in local elections in May
EU citizens can vote. Remember to register.
Send a strong united message to Tories and Labour that we want a #FinalVoice to #StopBrexit because #WATON
#FBPE #GFA
Make each vote count #MVM","['abtv', 'waton', 'finalvoice', 'stopbrexit', 'fbpe', 'theisland', 'mvm', 'gfa']"
180,180,180,180,601849,969535434001928192,868830296212467712,positive,remain,2018-03-02T11:30:35.000Z,"The primary job of any government is to ensure the security and wellbeing of the people it serves. No politician who supports Brexit in any way, shape or form is doing that duty.

#StopBrexitSaveBritain #WATON #FinalSay #NoConfidence #ABTV https://t.co/RftIRDUBHE","['abtv', 'waton', 'noconfidence', 'stopbrexitsavebritain', 'finalsay']"
181,181,181,181,973897,986868416253431808,624545519,positive,remain,2018-04-19T07:25:40.000Z,Add this to the list of broken promises and down right incompetence! We were promised seamless transition... Brexit ministers ‚Äòthought‚Äô we‚Äôd remain part of the European Medical Agency post Brexit! #ABTV #StopBrexit #WATON #peoplesvote #FBPE #FinalSay https://t.co/bZURQw3die,"['abtv', 'waton', 'peoplesvote', 'stopbrexit', 'fbpe', 'finalsay']"
182,182,182,182,339765,959208527230316544,4358588292,negative,remain,2018-02-01T23:35:08.000Z,@TwistedKelpie @spaceangel1964 Your twitter bubble is getting smaller. Even the CONs own economic study shows every brexit scenario as damaging the economy. At leat you won't be out of work at the food bank #StopBrexit #ProEU #FBPE #ABTV #WATON,"['abtv', 'waton', 'proeu', 'stopbrexit', 'fbpe']"
183,183,183,183,387316,961223821981372416,4358588292,negative,remain,2018-02-07T13:03:12.000Z,@GowTolson @Femi_Sorry brexit IS the problem. #StopBrexit #FBPE #ProEU #ABTV #WATON p.s. stop with the fake sovereignty bullshit,"['abtv', 'waton', 'proeu', 'stopbrexit', 'fbpe']"
184,184,184,184,398528,961546698601435136,4358588292,negative,other,2018-02-08T10:26:12.000Z,"There is NO economic argument for brexit. We NEVER lost sovereignty. We NEVER lost control of our borders. Now brexit threatens our economy, our sovereignty (influence in the world), our borders and so much more. #StopBrexit #FBPE #ProEU #WATON #ABTV https://t.co/DTzPGRYzgE","['abtv', 'waton', 'proeu', 'stopbrexit', 'fbpe']"
185,185,185,185,298746,957956427879997440,4358588292,positive,other,2018-01-29T12:39:45.000Z,"Exactly. Now is not the time for party tribalism. Party lines can be re-drawn once the threat of brexit is dealt with. Whatever way you normally align, brexit will adversely affect every party's ability to honour their manifesto's #StopBrexit #FBPE #ProEU #ABTV #WATON https://t.co/P486SKlXFe","['abtv', 'waton', 'proeu', 'stopbrexit', 'fbpe']"
186,186,186,186,379539,960881851358482432,4358588292,neutral,remain,2018-02-06T14:24:20.000Z,@Torysoldier @jmshrrsn @P_G_Thompson @Conservative @Anna_Soubry There is more to politics than the failing CONs and LP. Both parties will see their following dwindle once the true impact of brexit hits. #StopBrexit #FBPE #ProEU #WATON #ABTV,"['abtv', 'waton', 'proeu', 'stopbrexit', 'fbpe']"
187,187,187,187,411647,961908279634006016,4358588292,positive,remain,2018-02-09T10:22:59.000Z,"@StigAbell @bowen_james There is something poetic about that; however, I believe many of those who voted for brexit were manipulated and mis sold an unobtainable fantasy. We are all (with few exceptions) better off in the EU #StopBrexit #ProEU #FBPE #WATON #ABTV","['abtv', 'waton', 'proeu', 'stopbrexit', 'fbpe']"
188,188,188,188,387347,961224542986350592,4358588292,positive,remain,2018-02-07T13:06:04.000Z,This is the true motivation behind brexit; a handful of manipulators who stand to profit at our cost. #StopBrexit #FBPE #ProEU #WATON #ABTV https://t.co/SYlgu3lrJu,"['abtv', 'waton', 'proeu', 'stopbrexit', 'fbpe']"
189,189,189,189,411061,961897688471101440,4358588292,positive,remain,2018-02-09T09:40:54.000Z,"@craig_mbu @EleanorRylance @chriskits1982 @BBCNews You really are clueless. If brexit was a good idea, I'd be on board. Bottom line is it is and will continue to be the stupidest move by the UK in my lifetime. By every measure, we will be impoverished #StopBrexit #FBPE #ProEU #WATON #ABTV","['abtv', 'waton', 'proeu', 'stopbrexit', 'fbpe']"
190,190,190,190,971599,986728301518643200,4358588292,positive,remain,2018-04-18T22:08:54.000Z,"Unlike the 'honourable' brexit backers like farage and banks, eh? State one brexit promise, made pre ref, that looks anywhere near being honoured. #StopBrexit #WATON #ABTV #FBPE #SeizeTheVote #FinalSay https://t.co/GVI1DqM21V","['abtv', 'waton', 'seizethevote', 'stopbrexit', 'fbpe', 'finalsay']"
191,191,191,191,968077,986648366191923200,4358588292,neutral,remain,2018-04-18T16:51:16.000Z,"https://t.co/z8esfmkvUa
https://t.co/PPNyVJnlF4
brexit threatens the integrity of the UK. #StopBrexit #WATON #ABTV #FBPE #SeizeTheVote #FinalSay https://t.co/FoMU3E0t94","['abtv', 'waton', 'seizethevote', 'stopbrexit', 'fbpe', 'finalsay']"
192,192,192,192,961569,986380066132283392,4358588292,negative,remain,2018-04-17T23:05:08.000Z,"Still not getting it are we dope, brexit will shit on you as much as any remainer. #StopBrexit #WATON #ABTV #FBPE #SeizeTheVote #FinalSay https://t.co/sERk72GR6a","['abtv', 'waton', 'seizethevote', 'stopbrexit', 'fbpe', 'finalsay']"
193,193,193,193,976923,986971325548974080,4358588292,negative,remain,2018-04-19T14:14:35.000Z,Another quitter who hasn't realised brexit will shit on them as much as any remainer. Not worth engaging in s o block and move on. #StopBrexit #WATON #ABTV #FBPE #SeizeTheVote #FinalSay https://t.co/l0rEwTAerZ,"['abtv', 'waton', 'seizethevote', 'stopbrexit', 'fbpe', 'finalsay']"
194,194,194,194,971571,986727429438935040,4358588292,neutral,remain,2018-04-18T22:05:26.000Z,Do you actually believe that whatever version of brexit you bought is going to happen? #StopBrexit #WATON #ABTV #FBPE #SeizeTheVote #FinalSay https://t.co/nb6d1XM0h4,"['abtv', 'waton', 'seizethevote', 'stopbrexit', 'fbpe', 'finalsay']"
195,195,195,195,947631,985610517585846272,4358588292,negative,remain,2018-04-15T20:07:13.000Z,We still have a chance to stop brexit; stop this crime against our nation.  #StopBrexit #WATON #ABTV #FBPE #SeizeTheVote #FinalSay https://t.co/b3ImWbwJWg,"['abtv', 'waton', 'seizethevote', 'stopbrexit', 'fbpe', 'finalsay']"
196,196,196,196,967963,986646786411556864,4358588292,negative,remain,2018-04-18T16:44:59.000Z,"https://t.co/Is9NJkP30b
https://t.co/e56bI2zGVZ
https://t.co/335XbKopuB 
brexit; not worth the fag packet it was written on. #StopBrexit #WATON #ABTV #FBPE #SeizeTheVote #FinalSay https://t.co/wOlU7FtDhz","['abtv', 'waton', 'seizethevote', 'stopbrexit', 'fbpe', 'finalsay']"
197,197,197,197,947170,985587700764954624,4358588292,negative,other,2018-04-15T18:36:33.000Z,"It is shameful, the way brexit has hijacked our democracy and we are now being forced down a damaging path. At least there are still good people trying to take back control and set the UK back on the right path. #StopBrexit #WATON #ABTV #FBPE #SeizeTheVote #FinalSay https://t.co/109zErp45G","['abtv', 'waton', 'seizethevote', 'stopbrexit', 'fbpe', 'finalsay']"
198,198,198,198,961437,986369583429844992,4358588292,positive,remain,2018-04-17T22:23:29.000Z,@paulie_paulie Are you certain about that? What have you got to substantiate your belief that the UK will thrive after brexit? What's your answer to brexits impact on supply chains? #StopBrexit #WATON #ABTV #FBPE #SeizeTheVote #FinalSay,"['abtv', 'waton', 'seizethevote', 'stopbrexit', 'fbpe', 'finalsay']"
199,199,199,199,948112,985633442628079616,4358588292,positive,remain,2018-04-15T21:38:19.000Z,Have you any documentary evidence he actually said brexit would cause ww3? He is on record as voicing concerns about security within Europe and recognising the role the EU has played in helping keep the peace. #StopBrexit #WATON #ABTV #FBPE #SeizeTheVote #FinalSay https://t.co/ROKbeBq2xE,"['abtv', 'waton', 'seizethevote', 'stopbrexit', 'fbpe', 'finalsay']"
