,t_id,user_id,t_sentiment,t_stance,t_date,t_text,hashtags
2141440,1019471249397960704,756973500804595712,negative,other,2018-07-18T06:37:41.000Z,"#RevokeA50Now

#NationalSecurity very much at risk #Nato  #TrumpPutin #Brexit

Let alone the TORIES KEEP COVING UP THE TRUTH

We Must UNITE - this is beyond party politics ffs https://t.co/Ez0CvJ98kI","['revokea50now', 'nato', 'brexit', 'nationalsecurity', 'trumpputin']"
2141441,1019471249397960704,756973500804595712,negative,other,2018-07-18T06:37:41.000Z,"#RevokeA50Now

#NationalSecurity very much at risk #Nato  #TrumpPutin #Brexit

Let alone the TORIES KEEP COVING UP THE TRUTH

We Must UNITE - this is beyond party politics ffs https://t.co/Ez0CvJ98kI","['revokea50now', 'nato', 'brexit', 'nationalsecurity', 'trumpputin']"
3363230,1086206668210360320,858746839532752896,neutral,other,2019-01-18T10:20:25.000Z,"@mrjamesob  Have you read Fintan O'Toole in the Guardian today?  Matches the theme of your @LBC programme today perfectly: Brexit was never about Europe!  

Veterans for Europe: if you read one newspaper article today, read this one.

#RevokeA50Now https://t.co/2bIlBmD8DH",['revokea50now']
3389134,1086524737008873472,63094326,negative,other,2019-01-19T07:24:18.000Z,"@Femi_Sorry Government has wasted 2.5 years trying to deliver a Brexit that turns out to be unattainable because it was based on lies and false promises. No need for more arguments, no need for a second Referendum. Simply #RevokeA50Now and get back to sorting out the real problems",['revokea50now']
3342023,1085943895912054784,63094326,negative,other,2019-01-17T16:56:15.000Z,"@YvetteCooperMP Government has wasted 2.5 years trying to deliver a Brexit that turns out to be unattainable because it was based on lies and false promises. No need for more arguments, no need for a second Referendum. Simply #RevokeA50Now and get back to sorting out the real problems",['revokea50now']
3409452,1086879971828740096,63094326,negative,other,2019-01-20T06:55:53.000Z,"Government has wasted 2.5 years trying to deliver a Brexit that turns out to be unattainable because it was based on lies and false promises. No need for more arguments, no need for a second Referendum. Simply #RevokeA50Now and get back to sorting out the real problems https://t.co/c6WqfffI31",['revokea50now']
3389756,1086534130064601088,63094326,negative,other,2019-01-19T08:01:38.000Z,"Government has wasted 2.5 years trying to deliver a Brexit that turns out to be unattainable because it was based on lies and false promises. No need for more arguments, no need for a second Referendum. Simply #RevokeA50Now and get back to sorting out the real problems https://t.co/I7CvKZ0spv",['revokea50now']
3436312,1087338680992366592,63094326,negative,other,2019-01-21T13:18:37.000Z,"@Anarchasm @Davros64 @IanDunt Government has wasted 2.5 years trying to deliver a Brexit that turns out to be unattainable because it was based on lies and false promises. No need for more arguments, no need for a second Referendum. Simply #RevokeA50Now and get back to sorting out the real problems",['revokea50now']
3436427,1087340276287447040,63094326,negative,other,2019-01-21T13:24:58.000Z,"@ChukaUmunna Government has wasted 2.5 years trying to deliver a Brexit that turns out to be unattainable because it was based on lies and false promises. No need for more arguments, no need for a second Referendum. Simply #RevokeA50Now and get back to sorting out the real problems",['revokea50now']
3329344,1085855918590476288,866692350961233920,negative,other,2019-01-17T11:06:39.000Z,"Unbelievable. ""Plan B"" (aka Plan A in a moustache and glasses) to be debated a whole 59 days before Brexit Day. May now running the clock down in the most brazen way imaginable. #RevokeA50NOW https://t.co/2ciwHUpaT1",['revokea50now']
2641412,1074491889318010880,27502113,positive,other,2018-12-17T02:30:04.000Z,"@grantshapps It's too late Grant. 

1. A50 should never had been triggered until it was clear what type of Brexit the Govt wanted 
2. May is so desperate to get her deal agreed because she/the Govt did not do this.
3. The only option now is either extend period or revoke A50 
#RevokeA50NOW",['revokea50now']
3357358,1086167494006657024,88251779,negative,other,2019-01-18T07:44:45.000Z,Only by stopping #Brexit can we start to focus on the real challenges facing the UK #RevokeA50Now https://t.co/8Q77K1W2mv,"['revokea50now', 'brexit']"
2631128,1074354028916695040,964555106,negative,remain,2018-12-16T17:22:15.000Z,"Hear ye, hear ye, hear ye -If you just want *them to get on with it - #Brexit that is - IT isn‚Äôt going away any time soon and you will not like IT when it happens. So,  the quickest and the easiest way to put an end to the mess is #RevokeA50NOW.","['revokea50now', 'brexit']"
2242409,1070684234816339968,507559323,neutral,remain,2018-12-06T14:19:48.000Z,"@Rachael_Swindon Nah, it ends. #brexit is deader than a ukip swingers party. The world cannot wait any longer for Mr Corbyn to zip up his fly and come out of the political khazi. #RevokeA50Now","['revokea50now', 'brexit']"
3096564,1083334004022173696,2330883598,negative,leave,2019-01-10T12:05:28.000Z,"Name one EU law that hurts YOU or YOURS ?

Name one single benefit for YOU or YOURS from #Brexit.

Every problem we have in UK are a result of poor Domestic Government.

There is no legal mandate,there is no justification,there is no majority support for leaving. #RevokeA50Now","['revokea50now', 'brexit']"
2738348,1076034613426954240,1671353922,positive,remain,2018-12-21T08:40:18.000Z,"@Anna_Soubry These discussions only feasible due to the 'Opposition's' support. Surely now obvious to all  @jeremycorbyn like ReesMogg has always wanted Brexit. A clear majority now dont want brexit, time for Labour to represent us. #PeoplesVote #RevokeA50NOW","['revokea50now', 'peoplesvote']"
3354987,1086078301167222784,340545072,neutral,other,2019-01-18T01:50:20.000Z,"Arron Banks, #Brexit and the #Russia connection ‚Å¶@HouseofCommons‚Å© ‚Å¶@UKParliament‚Å© #RevokeA50Now #bbcqt  https://t.co/bT8OOP5PUa","['russia', 'bbcqt', 'brexit', 'revokea50now']"
1106315,1106090500103258112,1158193640,negative,remain,2019-03-14T07:11:40.000Z,"Brexiters, you‚Äôve had more than your chance and so much more respect than you deserved: ¬£Bns spent, lives upended, jobs gone, rights threatened, reputation damaged, division set in... 
Truth is.... *real* Brexit is shit and no-one should want that for our country.
#RevokeA50Now",['revokea50now']
135952,1089783981317545984,63094326,negative,other,2019-01-28T07:15:23.000Z,"Government has wasted 2.5 years trying to deliver a Brexit that turns out to be unattainable because it was based on lies and false promises. No need for more arguments, no need for a second Referendum. Simply #RevokeA50Now and get back to sorting out the real problems https://t.co/BrVFfm6Csn",['revokea50now']
61347,1088398062937096192,63094326,negative,other,2019-01-24T11:28:14.000Z,"@petertimmins3 Government has wasted 2.5 years trying to deliver a Brexit that turns out to be unattainable because it was based on lies and false promises. No need for more arguments, no need for a second Referendum. Simply #RevokeA50Now and get back to sorting out the real problems",['revokea50now']
107605,1089205373272240128,63094326,negative,other,2019-01-26T16:56:12.000Z,"@spoons @mikegalsworthy @Scientists4EU @MadeleinaKay @Andrew_Adonis Government has wasted 2.5 years trying to deliver a Brexit that turns out to be unattainable because it was based on lies and false promises. No need for more arguments, no need for a second Referendum. Simply #RevokeA50Now and get back to sorting out the real problems",['revokea50now']
1076686,1105871304895410176,893068471118024704,negative,other,2019-03-13T16:40:39.000Z,"No deal = crash out, no TAs, nothing  
May‚Äôs deal = already death 
No Brexit = Status quo = Remain
#REVOKEA50NOW https://t.co/pK7gAWsHLh",['revokea50now']
55058,1088333455182778368,63094326,negative,other,2019-01-24T07:11:30.000Z,"@YvetteCooperMP This simply prolongs the agony of uncertainty. No need for more arguments, no need for a second Referendum. After 2.5 years it is clear that Brexit in any form is worse than current EU membership. Simply #RevokeA50Now and get back to sorting out the real problems",['revokea50now']
1103855,1106056516564602880,228036475,neutral,leave,2019-03-14T04:56:37.000Z,@AdamBienkov That's exactly what Brexit is: self-flagellation. #RevokeA50Now,['revokea50now']
128511,1089594048069976064,63094326,negative,other,2019-01-27T18:40:39.000Z,"Government has wasted 2.5 years trying to deliver a Brexit that turns out to be unattainable because it was based on lies and false promises. No need for more arguments, no need for a second Referendum. Simply #RevokeA50Now and get back to sorting out the real problems https://t.co/fl4Cj2eJ2r",['revokea50now']
135962,1089784150687711232,63094326,negative,other,2019-01-28T07:16:03.000Z,"Government has wasted 2.5 years trying to deliver a Brexit that turns out to be unattainable because it was based on lies and false promises. No need for more arguments, no need for a second Referendum. Simply #RevokeA50Now and get back to sorting out the real problems https://t.co/eBzNCKkqC4",['revokea50now']
106070,1089182713448488960,63094326,negative,other,2019-01-26T15:26:09.000Z,"@JMPSimor Government has wasted 2.5 years trying to deliver a Brexit that turns out to be unattainable because it was based on lies and false promises. No need for more arguments, no need for a second Referendum. Simply #RevokeA50Now and get back to sorting out the real problems",['revokea50now']
2174,1087460250557599744,63094326,negative,other,2019-01-21T21:21:42.000Z,"@YvetteCooperMP Government has wasted 2.5 years trying to deliver a Brexit that turns out to be unattainable because it was based on lies and false promises. No need for more arguments, no need for a second Referendum. Simply #RevokeA50Now and get back to sorting out the real problems",['revokea50now']
848580,1102258058124845056,703216260386058240,positive,remain,2019-03-03T17:22:54.000Z,@Mike_Fabricant üòÇüòÇüòÇ Oh thank you! It's so depressing living in these destructive Brexit-hasn't-even-happened-yet times; I needed a good belly laugh! #RevokeA50Now,['revokea50now']
1114603,1106127385395646464,30446317,positive,other,2019-03-14T09:38:14.000Z,".@JeremyVineOn5 We already have the best deal!
Cancel Brexit.
#RevokeA50Now",['revokea50now']
1120806,1106172196509102080,902120481133916032,negative,remain,2019-03-14T12:36:17.000Z,"48% say stay in the EU
The only thing left is No Brexit.

#RevokeA50Now https://t.co/SgxO09F5AY",['revokea50now']
636258,1098189135653863424,150999674,negative,remain,2019-02-20T11:54:27.000Z,"@RichardBurgon @helenmallam Actually I think that it‚Äôs fair to say that this is just symptomatic of quite how pissed off the country has become with #Brexit

#RevokeA50NOW","['revokea50now', 'brexit']"
215464,1090882776780410880,166111347,neutral,remain,2019-01-31T08:01:36.000Z,@lisanandy @GGariochlen @itvpeston @UKLabour Labour needs to wake up to the fact 5hat #Brexit us a right wing coup and oppose it. #RevokeA50Now,"['revokea50now', 'brexit']"
1126875,1106225223488159744,486027045,positive,other,2019-03-14T16:07:00.000Z,"#TheresaMay is the worst PM ever. 
#Brexit #PeoplesVote #RevokeA50Now 

‚ÄúWe're not having a 2nd referendum. The will of the people is clear. You can't just keep have referendums until you're happy with the result,‚Äù

 Says Theresa May as she submits her deal FOR THE 3rd TIME. https://t.co/aBmCo4cOkD","['revokea50now', 'brexit', 'theresamay', 'peoplesvote']"
1120600,1106170723436060672,37779837,negative,other,2019-03-14T12:30:26.000Z,@LukeGrahamMP voted to inflict a no deal brexit on Scotland.  Disgusting.  #RevokeA50Now #BrexitMayhem #PutItToThePeople #justmakeitstop https://t.co/Umum6c0AQd,"['revokea50now', 'brexitmayhem', 'justmakeitstop', 'putittothepeople']"
1121165,1106175004587315200,188289863,negative,other,2019-03-14T12:47:27.000Z,"@thomasbrake Another advantage: 
By revoking Article 50 and remaining, all of this is over. 
If we continue with May's Withdrawal Agreement, or try to get agreement to another form of Brexit, the negotiations will continue for years. #MakeItStop #RevokeA50Now","['revokea50now', 'makeitstop']"
1119432,1106162293941981184,51039347,positive,other,2019-03-14T11:56:57.000Z,"@peoplesvotecov @createmichael @Geoffrey4CovNW @jimforcovsouth @RichardBenyonMP - thank you for voting to rule out a no-deal Brexit last night,which would have been a disaster for #Newbury.  Now we really need you to #RevokeA50Now to endorse your view then a #peoplesvote to find out where people want to go now.","['revokea50now', 'peoplesvote', 'newbury']"
865177,1102589845304733696,2791788518,negative,leave,2019-03-04T15:21:18.000Z,"@LabourfutureUK Your position on the sh1tshow which is Brexit, is to enable a corrupt Government to railroad the nation, aided and abetted by you! There is NO such thing as a good Brexit. Stop pretending and start opposing! #RevokeA50Now #RevokeRemainRebuild","['revokea50now', 'revokeremainrebuild']"
1127725,1106233123694620672,600162472,negative,leave,2019-03-14T16:38:24.000Z,"@DKShrewsbury Why do you keep buggering off to Europe to try to get European leaders to undermine our sovereignty?  Putting together a Brexit dictionary, can‚Äôt decide whether to enter your behaviour under hypocrisy  or just go straight to treachery?  #stopbrexit #RevokeA50Now","['revokea50now', 'stopbrexit']"
427643,1094531465281527808,100585991,neutral,remain,2019-02-10T09:40:11.000Z,Only way for Brexit to go away is #RevokeA50NOW just #stopbrexit https://t.co/Za0Aqij9CF,"['stopbrexit', 'revokea50now']"
243105,1091251364146094080,868830296212467712,negative,leave,2019-02-01T08:26:14.000Z,"The Tories have massively increased the national debt. Brexit will rob us of any chance of ever repaying it. Even more austerity will be the result, which is part of the reason people were conned into voting leave in the 1st place! #StopBrexitSaveBritain #RevokeA50now #NoMoreLies https://t.co/WGFnR28cUx","['stopbrexitsavebritain', 'nomorelies', 'revokea50now']"
917533,1103636374215933952,792782917638455296,neutral,remain,2019-03-07T12:39:50.000Z,#StopBrexitSaveBritain #RevokeA50NOW The endless Brexit lies have left us in an Orwellian nightmare https://t.co/wxWgzbNiSm via @politics_co_uk,"['stopbrexitsavebritain', 'revokea50now']"
264336,1109334290075127808,462989654,neutral,other,2019-03-23T06:01:19.000Z,"Three reasons I reject Brexit:
1) it‚Äôs hugely divisive
2) it‚Äôs a massive backward step for harmony with our neighbours 
3) it‚Äôs unnecessary- the wrong solution to the problem.

#3ReasonsagainstBrexit
#ExitFromBrexit #RevokeA50Now","['3reasonsagainstbrexit', 'exitfrombrexit', 'revokea50now']"
251223,1109168648495734784,36314203,neutral,remain,2019-03-22T19:03:07.000Z,"Well well the #BBC has changed its headline.
Bit late, but still...
#RevokeA50Now 
Why bots probably aren't gaming the 'Cancel Brexit' petition https://t.co/D9S08jE4iP","['bbc', 'revokea50now']"
225839,1109012279456993280,322889483,negative,other,2019-03-22T08:41:46.000Z,"March to leave :)))
Farage saying that he won't apologise language use to fight back against Brexit 
Says people didn't mind when he was attacked go mad when Anna Soubry
#BBC given air time to hate
#r4today #RevokeA50Now","['bbc', 'revokea50now', 'r4today']"
311100,1109728183694303232,1084066818300538880,positive,other,2019-03-24T08:06:31.000Z,"@dontbrexitfixit As MPs enter one more round of chaotic #Brexit debates, we must keep the #best option on the table &gt;&gt; #RevokeArticle50 #RevokeA50Now #RevokeA50 -- #RevokeArt50Petition @StopBrexitMarch @RemainerCreates https://t.co/Nf7MpWir1h","['best', 'revokea50now', 'revokearticle50', 'brexit', 'revokea50', 'revokeart50petition']"
311137,1109728464188387328,1084066818300538880,positive,other,2019-03-24T08:07:38.000Z,"@Chrisballingall As MPs enter one more round of chaotic #Brexit debates, we must keep the #best option on the table &gt;&gt; #RevokeArticle50 #RevokeA50Now #RevokeA50 -- #RevokeArt50Petition #Labour https://t.co/C5e29pNELt","['best', 'revokea50now', 'revokearticle50', 'brexit', 'revokea50', 'revokeart50petition', 'labour']"
311510,1109730479782150144,1084066818300538880,positive,other,2019-03-24T08:15:38.000Z,"@JolyonMaugham As MPs enter one more round of chaotic #Brexit debates, we must keep the #best option on the table &gt;&gt; #RevokeArticle50 #RevokeA50Now #RevokeA50 -- #RevokeArt50Petition @StopBrexitMarch #StopBrexitSaveBritain #StopBrexitSaveDemocracy https://t.co/4qlmAwWTZY","['best', 'revokea50now', 'stopbrexitsavebritain', 'revokearticle50', 'brexit', 'revokea50', 'revokeart50petition', 'stopbrexitsavedemocracy']"
310959,1109727194597769216,1084066818300538880,positive,remain,2019-03-24T08:02:35.000Z,"As MPs enter one more round of chaotic #Brexit debates, we must keep the #best option on the table &gt;&gt; #RevokeArticle50 #RevokeA50Now #RevokeA50 -- #RevokeArt50Petition @StopBrexitMarch @LoubinWally @MHookins #SundayThoughts #StopBrexit #StopBrexitSaveBritain @Maxmycat @emmyzen https://t.co/dQlYKudJCi","['best', 'revokea50now', 'stopbrexitsavebritain', 'revokearticle50', 'brexit', 'revokea50', 'stopbrexit', 'sundaythoughts', 'revokeart50petition']"
945794,1116031451009564672,158744917,negative,other,2019-04-10T17:33:27.000Z,"If, due to #Brexit, we end up losing rights we currently have such as freedom of movement, because of proven, illegal behaviour in the #EUReferendum do we have any legal recourse or protection? I know I‚Äôm going to feel very cheated should it happen. #RevokeA50Now #FBPE","['brexit', 'eureferendum', 'revokea50now', 'fbpe']"
638420,1112642114863665152,566054281,positive,other,2019-04-01T09:05:26.000Z,"Tosser. 1.5 million of the 17.4 million are now dead, Nigel 'Millionaire' Farage is part of the elite, and Brexit is an elite project supported by millionaires and morons. If you still support #Brexit, check in your wallet to see which you are. #RevokeA50 #RevokeA50Now https://t.co/Z2GDPsgvuN","['brexit', 'revokea50', 'revokea50now']"
1093478,1118439617731223552,1615111236,negative,remain,2019-04-17T09:02:39.000Z,"@WilliamJHague @Telegraph It would do this country a great service if the Tories were totally broken, destroyed &amp; never again able to rule us.

Look at the mess caused by #Brexit, the toxic environment, castigation of immigrants, portrayal of EU as the bad guy, lies about sovereignty etc.

#RevokeA50Now","['brexit', 'revokea50now']"
5638,1106324268542058496,143182992,negative,leave,2019-03-14T22:40:34.000Z,"@tonyclarke43 @JenniferMerode I don't particularly see another vote to be the answer. Far better to #RevokeA50Now, take part in the EU elections and contribute to reforming the aspects that the UK thinks need changing. Any #Brexit will make Britain the loser!","['brexit', 'revokea50now']"
1164785,1120162744995594240,478410866,negative,other,2019-04-22T03:09:44.000Z,"@Arron_banks @campbellclaret @andywigmore @Arron_banks can‚Äôt defend all the lies, misinformation, corruption and law breaking of VoteLeave, so he goes for petty character assassination instead. End this #Brexit mess. #revokea50now","['brexit', 'revokea50now']"
574095,1111802150437511168,371701261,positive,leave,2019-03-30T01:27:43.000Z,@vincecable or we could unilaterally #RevokeA50now and have as long as the government likes to get a meaningful vote on #Brexit.,"['brexit', 'revokea50now']"
1281525,1122765742515027968,425840919,positive,remain,2019-04-29T07:33:07.000Z,"@SKinnock is supporting a #Brexit ‚Äúwon‚Äù by lies and cheating! The Prof is right, history won‚Äôt look kindly on that. 
#revokea50now and hold a #BrexitInquiry https://t.co/3l0mjXQKuI","['brexit', 'revokea50now', 'brexitinquiry']"
1181290,1120647263741730816,580769906,negative,other,2019-04-23T11:15:02.000Z,@SarahO_Connell I  think RM thought he was Paxman interviewing Micheal Howard https://t.co/VwxJPPSnce. RM always strikes me as a man looking to be a serious reporter and failing #Brexit #revokea50now #GMB.,"['brexit', 'revokea50now', 'gmb']"
1351319,1124226180385734656,20807304,neutral,remain,2019-05-03T08:16:23.000Z,"Yes! If I hear one more time things like ""people sent a message to the main parties to sort out brexit"", I'll scream!!!!!!!!!!!!!!! We DO NOT want to sort out #Brexit, WE WANT TO STOP BREXIT!!!!!!!!!!!!!!!!!!!!!!!! #RevokeA50 #revokea50now #StopBrexit https://t.co/ueJrO0RHSk","['brexit', 'revokea50now', 'revokea50', 'stopbrexit']"
208042,1108812526278660096,2680285850,negative,remain,2019-03-21T19:28:01.000Z,Signed #revokea50now petition. You @theresa_may &amp; @Conservatives do not represent me. #Brexit is utter madness &amp; was only just won on severely questionable grounds. Never before have I seen such a disgruntled country. You have the power to stop this! #RevokeArticle50,"['brexit', 'revokea50now', 'revokearticle50']"
203302,1108783604069474304,823201720574574720,negative,other,2019-03-21T17:33:06.000Z,"@theresa_may The only side you're on is your own. The British people no longer want #Brexit, in any form, why is this so hard for you to understand?! #RevokeA50Now before it's too late, then call a #SecondReferendum so we can prove we don't want this idiocy! Stop destroying the UK!","['brexit', 'revokea50now', 'secondreferendum']"
198167,1108753956065476608,2284218811,negative,other,2019-03-21T15:35:17.000Z,"#revokea50now  after hard #Brexit, soft Brexit, Red, White and Blue Brexit, Jobs first Brexit and Brexit means Brexit we're now in the realms of Lemming Brexit.  
#TheresaMay","['brexit', 'theresamay', 'revokea50now']"
237349,1109079529186910208,1088731016842407936,neutral,remain,2019-03-22T13:09:00.000Z,"retweet. sign. &lt;3
#brexit #brexitcrisis #revokeA50now #Revokearticle50 
Petition: Revoke Article 50 and remain in the EU. https://t.co/Ce3ToCnC1w","['brexitcrisis', 'revokearticle50', 'revokea50now', 'brexit']"
679750,1112992173228785664,31712464,neutral,other,2019-04-02T08:16:27.000Z,"""The jury had each formed a different view,
(Long before the indictment was read),
and they all spoke at once so that none of them knew, 
One word that the others had said."" 
From Lewis Carroll's 'The Hunting of the Snark' #PeoplesVoteNow #brexitdebate #Brexit #RevokeA50Now","['brexitdebate', 'brexit', 'revokea50now', 'peoplesvotenow']"
430152,1110860007019552768,1576199078,negative,remain,2019-03-27T11:03:59.000Z,"@BBCNewsnight @BrineMP Yet more resignations! 
No PM has ever faced as many ministerial resignations on the modern era. And another dozen may be about to resign...

This is not #StrongAndStable

Enough #BrexitChaos #BrexitShambles #BrexitLies

#RevokeA50now &amp; figure Brexit out without wrecking the üá¨üáß https://t.co/Z8mq23AWiL","['brexitlies', 'brexitchaos', 'strongandstable', 'revokea50now', 'brexitshambles']"
1227112,1121551561187053568,93289987,negative,leave,2019-04-25T23:08:24.000Z,"@CNN Okay This is #capitalism gone out of control 
Uk wait untill #MAGA get it hand on #NHS #SaveOurNHS 
No insurance no Healthcare 
#Brexitmeansbrexit #brexit #brexitshamble 
#RevokeA50 #revokea50now #RevokeRemainRebuild","['brexitshamble', 'revokea50now', 'brexitmeansbrexit', 'capitalism', 'saveournhs', 'maga', 'revokea50', 'nhs', 'revokeremainrebuild', 'brexit']"
521099,1111536812793704448,21909405,neutral,remain,2019-03-29T07:53:22.000Z,Brexit day! Oh no? there is still time to revoke Article 50 then! üòÅ #BrexitVotes #brexit #brexshit #RevokeArticle50Petition #RevokeA50Now,"['brexitvotes', 'revokea50now', 'revokearticle50petition', 'brexshit', 'brexit']"
254833,1109189817936556032,1463914014,neutral,remain,2019-03-22T20:27:15.000Z,Whatever it takes. #Brexit #Brexshit #Remain #PeoplesVote #RevokeA50Now https://t.co/8JWmRystOV,"['brexshit', 'remain', 'revokea50now', 'brexit', 'peoplesvote']"
772607,1113734983280201728,2435165235,neutral,remain,2019-04-04T09:28:06.000Z,Even @AmazonUK #amazon cannot deliver #Brexshit #Brexit #RevokeA50Now #RevokeA50 #StopBrexit https://t.co/WOhgLFZSHU,"['brexshit', 'revokea50now', 'brexit', 'revokea50', 'amazon', 'stopbrexit']"
966604,1116241510264188928,1115958636998733824,negative,other,2019-04-11T07:28:09.000Z,Mark Francois' disasterous #brexit dream hopefully suffers 'death by #Brextension'. Incoherent eulogy to follow. #Brexit #Halloween #PeoplesVote #RevokeA50Now https://t.co/vp72A2sr1H,"['brextension', 'revokea50now', 'halloween', 'brexit', 'peoplesvote', 'brexit']"
324541,1109814519797301248,4526579001,negative,remain,2019-03-24T13:49:35.000Z,"It isn't May who needs to go, but the Tories, dark money politics, and IMHO #Article50
This #CabinetCoup is scapegoating timewasting strutting by the same team that got us in this mess in the first place, and it make no-deal #Brexit more likely.
Stop messing about. #RevokeA50Now","['cabinetcoup', 'article50', 'brexit', 'revokea50now']"
1053507,1117420038858903552,1305456170,positive,other,2019-04-14T13:31:12.000Z,"The European election is UK voters the second best chance to #PeoplesVote. #ChangeUK for #RevokeA50now and #BrexitParty for #brexit
 https://t.co/1TZdr5yyvj","['changeuk', 'brexitparty', 'brexit', 'peoplesvote', 'revokea50now']"
1167659,1120251055844024320,90357585,positive,leave,2019-04-22T09:00:39.000Z,"@OwenMas98124372 @brexitparty_uk #ChrisTarrant is a multi millionaire who lives in a vast mansion in Buckinghamshire and invests in stocks and shares. Of course he is a Brexiters, #Brexit won't affect his way of life, he is Elitist not a patriot #RevokeA50now https://t.co/joLMgIgc9t","['christarrant', 'brexit', 'revokea50now']"
845200,1114606046264401920,775713421308358528,negative,other,2019-04-06T19:09:24.000Z,"What we‚Äôve got here is a failure to communicate. Some men you just can‚Äôt reach. So you get what we had here last week, which is the way he wants it.. well he gets it. I don‚Äôt like it any more than you men. #brexit  #coolhandluke #PeoplesVote #RevokeA50Now #JacobReesMogg","['coolhandluke', 'revokea50now', 'jacobreesmogg', 'peoplesvote', 'brexit']"
757733,1113566471630802944,2767929017,neutral,remain,2019-04-03T22:18:30.000Z,Here we go this is where @YvetteCooperMP #CooperBill saves the day by meddling #brexit I'm sure #RevokeA50Now will happen.,"['cooperbill', 'revokea50now', 'brexit']"
1355680,1124240724134977536,1098475387078758400,neutral,other,2019-05-03T09:14:10.000Z,Moggsy Out ! Out ! Out ! #LocalElections2019 #EP2019 #revokea50now #Brexit https://t.co/NLQLiB3tPd,"['ep2019', 'localelections2019', 'brexit', 'revokea50now']"
955292,1116114529572806656,897902649869295616,neutral,other,2019-04-10T23:03:34.000Z,So it's now Halloween for Brexit... #Halloween #EUCO #EUSummit #RevokeA50Now,"['euco', 'halloween', 'eusummit', 'revokea50now']"
215924,1108865164982583296,327585968,neutral,other,2019-03-21T22:57:11.000Z,"Reporter: How long will be the long extension?
@JunckerEU: till the end
#EUCO #EU #Brexit #RevokeA50Now #RevokeArticle50 
They are doing everything they can to accommodate the #UK and the leavers still say that the #EU wants to control the #UK","['euco', 'revokea50now', 'revokearticle50', 'brexit', 'eu', 'uk']"
813461,1114164095752843264,31526366,positive,remain,2019-04-05T13:53:15.000Z,"Toby Young really is an unnecessary stain isn't he. Let's hope he washes out, no smears now Tobes old chap.  
#RevokeA50Now. #Brexit is a mug's game. #EuropeanElections to get back where we belong, in the heart of the #EuropeanUnion forging a peaceful future for young people . https://t.co/rhwXWcUjVU","['europeanelections', 'revokea50now', 'brexit', 'europeanunion']"
344937,1110090468900126720,29459695,neutral,leave,2019-03-25T08:06:06.000Z,"#ExPat #RevokeArticle50Petition signatures

#Egypt 151
#Argentina 146
#Russia 144
#Oman 139
#Bahrain 135
#Chile 135
#Monaco 131
#Colombia 129

https://t.co/BZoJVpsS1x

#RevokeA50 #RevokeArt50Now #RevokeA50Now #Article50Petition #Brexit #EU #UnitedKingdom

https://t.co/Paia2DiZSM","['expat', 'egypt', 'bahrain', 'revokea50now', 'revokearticle50petition', 'oman', 'article50petition', 'unitedkingdom', 'russia', 'monaco', 'revokea50', 'brexit', 'argentina', 'chile', 'revokeart50now', 'eu', 'colombia']"
428709,1110851590452404224,29459695,neutral,other,2019-03-27T10:30:32.000Z,"#ExPat #RevokeArticle50Petition signatures

#UnitedKingdom 5,577,722
#France 43,426
#Spain 24,545
#UnitedStates 23,983
#Germany 19,904
#Australia 18,781

https://t.co/BZoJVpsS1x

#RevokeA50 #RevokeArt50Now #RevokeA50Now #Article50Petition #UK

https://t.co/Paia2DiZSM
 #Brexit","['expat', 'revokea50now', 'article50petition', 'france', 'revokearticle50petition', 'australia', 'brexit', 'unitedstates', 'revokea50', 'uk', 'unitedkingdom', 'spain', 'revokeart50now', 'germany']"
354036,1110148045981827072,29459695,neutral,leave,2019-03-25T11:54:54.000Z,"#ExPat #RevokeArticle50Petition signatures

#DominicanRepublic 17
#Iran 17
#NewCaledonia 17
#NorthMacedonia 16
#Grenada 15
#Mongolia 15

https://t.co/BZoJVpsS1x

#RevokeA50 #RevokeArt50Now #RevokeA50Now #Article50Petition #Brexit #EU #UK #UnitedKingdom

https://t.co/Paia2DiZSM","['expat', 'revokea50now', 'article50petition', 'mongolia', 'revokearticle50petition', 'newcaledonia', 'dominicanrepublic', 'unitedkingdom', 'iran', 'revokea50', 'brexit', 'northmacedonia', 'grenada', 'eu', 'revokeart50now', 'uk']"
344964,1110090637448302592,29459695,neutral,other,2019-03-25T08:06:47.000Z,"#ExPat #RevokeArticle50Petition signatures

#Iceland 118
#Uzbekistan 110
#Peru 106
#Estonia 101
#Slovenia 98
#Tuvalu 97
#Ukraine 95
#Lebanon 94

https://t.co/BZoJVpsS1x

#RevokeA50 #RevokeArt50Now #RevokeA50Now #Article50Petition #Brexit #UnitedKingdom

https://t.co/Paia2DiZSM","['expat', 'revokea50now', 'article50petition', 'revokearticle50petition', 'estonia', 'uzbekistan', 'brexit', 'revokea50', 'tuvalu', 'ukraine', 'slovenia', 'peru', 'unitedkingdom', 'iceland', 'revokeart50now', 'lebanon']"
354312,1110149842213527552,29459695,neutral,other,2019-03-25T12:02:02.000Z,"#ExPat #RevokeArticle50Petition signatures

#Suriname 4
#Chad 3
#Lesotho 3
#Liberia 3
#MarshallIslands 3
#Nauru 3
#Niger 3
#PitcairnIsland 3

https://t.co/BZoJVpsS1x

#RevokeA50 #RevokeArt50Now #RevokeA50Now #Article50Petition #Brexit #EU #UnitedKingdom

https://t.co/Paia2DiZSM","['expat', 'revokea50now', 'article50petition', 'revokearticle50petition', 'unitedkingdom', 'brexit', 'revokea50', 'marshallislands', 'lesotho', 'liberia', 'suriname', 'nauru', 'niger', 'pitcairnisland', 'eu', 'chad', 'revokeart50now']"
344890,1110090108336783360,29459695,neutral,remain,2019-03-25T08:04:40.000Z,"#ExPat #RevokeArticle50Petition signatures

#Mexico 291
#Romania 285
#Vietnam 274
#Kenya 230
#Indonesia 205
#SouthKorea 202
#Uruguay 177

https://t.co/BZoJVpsS1x

#RevokeA50 #RevokeArt50Now #RevokeA50Now #Article50Petition #Brexit #EU #UK #UnitedKingdom

https://t.co/Paia2DiZSM","['expat', 'revokea50now', 'indonesia', 'article50petition', 'revokearticle50petition', 'vietnam', 'unitedkingdom', 'uruguay', 'brexit', 'mexico', 'revokea50', 'romania', 'kenya', 'revokeart50now', 'eu', 'southkorea', 'uk']"
832344,1114452867849568256,1111904437,negative,remain,2019-04-06T09:00:43.000Z,Bravo @krishgm for calling out and cutting off this Brexit liar!  Lessons in journalism for @BBCNews   #fbpe #PeoplesVote #RevokeA50Now https://t.co/BReTcn5iyJ,"['fbpe', 'peoplesvote', 'revokea50now']"
1067950,1117755565034352640,989433030711406592,negative,remain,2019-04-15T11:44:28.000Z,@guardian Being in this @Conservatives cabinet and pursuing #brexit based on a fraudulent referendum and saying it‚Äôs ‚Äúwill of people‚Äù based on just 37% of the electorate is equivalent to a life of crime üòÇfor @sajidjavid #fbpe #stopbrexit #RevokeA50Now,"['fbpe', 'stopbrexit', 'revokea50now', 'brexit']"
915318,1115608961749618688,114888384,neutral,remain,2019-04-09T13:34:38.000Z,WATCH: Former Commons Speaker Betty Boothroyd delivers a stirring speech at our #PeoplesVote rally today. It's time to put Brexit back to the people. Pls RT.  #finalsay @KenClarkeMP @paul__johnson #RevokeA50Now #brexit https://t.co/1B5MHiKqUW,"['finalsay', 'brexit', 'peoplesvote', 'revokea50now']"
1133282,1119185942563237888,1047800086724587520,negative,remain,2019-04-19T10:28:16.000Z,@jeremycorbyn Brexit threatens the GFA. You know that already and still support it. You are willing to risk the lives of ppl in NI for your out dated retro ideological beliefs. You are a disgrace and the shame is yours too! #stopbrexit #GFA #revokea50now,"['gfa', 'stopbrexit', 'revokea50now']"
446186,1110968792824324096,853842253,negative,remain,2019-03-27T18:16:15.000Z,"May providing the ultimate bribe to get her stupid, rejected deal through and save the conservatives. History will judge her as contemptible, putting party issues before the good of the people. The UK is a laughing stock #Brexit #IndicativeVote #RevokeA50Now","['indicativevote', 'brexit', 'revokea50now']"
698426,1113117743631433728,2335111627,positive,remain,2019-04-02T16:35:25.000Z,"@EliasMichalas The blame is w/ big wigs @UKParliament who lied to the people, playing on their needs to gain support for #brexit, the people didn't support #brexit by itself and all promises made haven't materialised. #Invalidvote #PutItBackToThePeople #Stopbrexit #RevokeA50Now","['invalidvote', 'revokea50now', 'stopbrexit', 'brexit', 'putitbacktothepeople', 'brexit']"
280787,1109453302868176896,728929042100006912,neutral,remain,2019-03-23T13:54:14.000Z,@LukePollard When will #Labour back a vote on the  only EU agreed deal or remain? They said they would at conference and +4m people are screaming for #RevokeA50Now. Looking for decisive leadership from Parliament as uk gov cannot save our country from disastrous #Brexit,"['labour', 'revokea50now', 'brexit']"
1355500,1124240125758705664,2748167339,neutral,remain,2019-05-03T09:11:48.000Z,#revokea50now stop #brexit and #PeoplesVote #remain clear message #labour #Tories #EuropeanElections https://t.co/ugXAj31x7M,"['labour', 'revokea50now', 'remain', 'peoplesvote', 'tories', 'brexit', 'europeanelections']"
871988,1115021533649543168,4507647255,neutral,remain,2019-04-07T22:40:24.000Z,"It beggars belief, and flies in the face of what Internationalist Socialism stands for. Corbyn will not be forgiven by many Labour voters for this treachery. #LabourParty #Brexit #RevokeA50Now https://t.co/UbA6FL4WXA","['labourparty', 'brexit', 'revokea50now']"
851317,1114778174326546432,2251908712,neutral,remain,2019-04-07T06:33:22.000Z,"@Andrew_Adonis @bofasib What a ridiculous thing to say.
It's as good as saying ""#Brexit isn't the will of the people"".
If it is, let's #RevokeA50Now, have a public enquiry into the (proven) law-breaking, make the case for it by answering these ‚§µÔ∏è questions, have a legal inclusive ref, and #Leave. üôÑ https://t.co/NxdBX2TU7l","['leave', 'revokea50now']"
337393,1109919667827761152,1090261186522705920,neutral,other,2019-03-24T20:47:24.000Z,"Rumour has it Phil, that they, their friends and their families stand to male a shed load of Wonga out of #brexit why do you think it‚Äôs still on he table when everyone outside the government wants it shelved. #nestfeatherers #lockemup #RevokeA50Now https://t.co/C7J5QX8J6t","['nestfeatherers', 'lockemup', 'revokea50now', 'brexit']"
193660,1108720998638108672,1108449289204846592,positive,other,2019-03-21T13:24:19.000Z,"7 facts about Revoking Article 50

1. When is the last date Article 50 can be revoked? 
2. Does it need approval by the EU?
3. Who can ask for revocation?
.....
Read all facts - https://t.co/UopNsu4QB0

#revokea50now #Brexit #NoDeal https://t.co/iPyx9HiHqo","['nodeal', 'brexit', 'revokea50now']"
1363001,1124275696841498624,48699161,negative,other,2019-05-03T11:33:08.000Z,"@johnmcdonnellMP @Peston So, if you want to actually sort it, so we don't all have to waste time on implementing/recovering from #Brexit you should #revokea50now.  If you're afraid of that then hold a #PeoplesVote to settle it.  An informed #PeoplesVote now sorts it, either way.","['peoplesvote', 'brexit', 'revokea50now']"
1261874,1122392298107604992,3038630421,neutral,leave,2019-04-28T06:49:11.000Z,"@jeremycorbyn Ah!  I see it now. Could not understand the obsession with buses all this time. 

Corbyn will take Brexit away from the oldies who voted for it but give them more buses instead. Now it all makes sense. 

#peoplesvote #revokeA50now","['peoplesvote', 'revokea50now']"
1213901,1121313798818881536,878383982,positive,other,2019-04-25T07:23:37.000Z,@escapeartistes @CarolineVoaden @hazcraig1 @EleanorRylance @jessicaelgot @LibDems But now a vote for Labour means supporting a Tory Brexit unless Corbyn gets off the fence and comes unequivocally behind a #peoplesvote with a view to #revokea50now,"['peoplesvote', 'revokea50now']"
467496,1111035360761597952,3035329474,neutral,other,2019-03-27T22:40:46.000Z,"RT @SophieRunning: 1 million marching for a #PeoplesVote, 6 million signing a petition to #RevokeA50Now. YouGov shows 56 pct of women want‚Ä¶","['peoplesvote', 'revokea50now']"
295803,1109538305048305664,19148912,neutral,remain,2019-03-23T19:32:00.000Z,"The people have spoken! The next generation don't want their future thrown away by Brexit!! üá™üá∫ Little Tala absolutely loved the #PutitothePeopleMarch today! Her first Protest March... 

@peoplesvote_uk #BabiesAgainstBrexit #PeopleVote #RevokeA50Now https://t.co/PrN8Rp6uiL","['peoplevote', 'putitothepeoplemarch', 'babiesagainstbrexit', 'revokea50now']"
221737,1108982955970625536,924909816908320768,positive,remain,2019-03-22T06:45:15.000Z,"Petition: Revoke Article 50 and remain in the EU. Please sign  #brexit #PeoplesVote #PeoplesVoteMarch #PeopleVote #RevokeArticle50 #RevokeA50Now
#RevokeArticle50Petition #brexitpetition # https://t.co/1BhRvMC0NL","['peoplevote', 'revokea50now', 'brexitpetition', 'revokearticle50petition', 'revokearticle50', 'peoplesvotemarch', 'peoplesvote', 'brexit']"
283379,1109467162127814656,5535142,negative,other,2019-03-23T14:49:19.000Z,Child chanting ‚ÄúSilly Brexit! Silly Brexit!‚Äù I think it might catch on #PeopleVoteMarch #RevokeA50Now,"['peoplevotemarch', 'revokea50now']"
313355,1109740365697945600,17170242,positive,remain,2019-03-24T08:54:55.000Z,"#Petition: Revoke Article 50 and remain in the EU
https://t.co/l7sEryFoFK

It will probably reach 5 million signatures today??

#RevokeA50Now #Brexit https://t.co/Mhg9FU1vJe","['petition', 'brexit', 'revokea50now']"
190199,1108696809319354368,57546066,positive,other,2019-03-21T11:48:12.000Z,Will the Brexit petition make any difference? Interesting read https://t.co/FedStpouvr #revokeArticle50 #revokea50now #petition,"['petition', 'revokearticle50', 'revokea50now']"
241907,1109109761423880192,968829907986976768,negative,remain,2019-03-22T15:09:08.000Z,"Accross #NorthWales, approx.  26,156 sigs on #RevokeArticle50 #petition, with that number now steadily rising. #Wenowknow that #Brexit will be especially damaging for #Wales #RevokeA50Now, sign the petition here #Northwalestweets #RevokeArticle50Now https://t.co/OOQM8CYu62","['petition', 'wenowknow', 'revokearticle50', 'brexit', 'wales', 'revokearticle50now', 'northwales', 'revokea50now', 'northwalestweets']"
285535,1109478111496802304,1747073084,positive,other,2019-03-23T15:32:49.000Z,"As a reported 1 million people take part in the #PutItToThePeopleMarch &amp; 4.3 million sign the #RevokeArticle50 petition, news there may be a public enquiry into Brexit is perfect. We're taking our country back! #PeoplesVoteMarch #RevokeA50Now https://t.co/fjRIlM64XP","['putittothepeoplemarch', 'peoplesvotemarch', 'revokea50now', 'revokearticle50']"
246777,1109144009035956224,2328942376,neutral,other,2019-03-22T17:25:13.000Z,"Over 3.5 million and rising. 
Incredible! üîµüî∂üîµüî∂üîµ
#PutItToThePeople #PutItToThePeopleMarch 
#RevokeA50Now 
#brexit","['putittothepeoplemarch', 'revokea50now', 'putittothepeople', 'brexit']"
204945,1108791126415298560,3352932339,negative,remain,2019-03-21T18:02:59.000Z,"Done! Over 1 million and increasing. Let‚Äôs see if the parliament bothers to take people opinion seriously. 
#Brexit #Article50 #Remain #RevokeA50Now https://t.co/J6tbdjaXos","['remain', 'article50', 'brexit', 'revokea50now']"
803878,1114080283039543296,46882012,negative,other,2019-04-05T08:20:12.000Z,Brexit: May asks for short delay while EU offers year-long 'flextension' - Sky News #FBPE #Brexit #Remain #RevokeA50Now  https://t.co/bLkBWVd3hS,"['remain', 'brexit', 'fbpe', 'revokea50now']"
803832,1114080010573373440,46882012,neutral,other,2019-04-05T08:19:07.000Z,Brexit: UK asks EU for further extension until 30 June - BBC News #Brexit #FBPE #Remain #RevokeA50Now  https://t.co/YC1rbu9QUP,"['remain', 'brexit', 'fbpe', 'revokea50now']"
241491,1109105885488603136,472934461,positive,other,2019-03-22T14:53:43.000Z,I couldn't agree more. #Brexit #PeoplesVote #Remain #RevokeA50Now @Nigel_Farage https://t.co/PO0pmytEOx,"['remain', 'brexit', 'peoplesvote', 'revokea50now']"
182606,1108656691044864000,1918190762,negative,remain,2019-03-21T09:08:47.000Z,What‚Äôs happened to the #RevokeArticle50 petition? Are we being denied a say or has the site crashed due to demand? #Brexit #Remain #RevokeA50Now @peoplesvote_uk,"['remain', 'brexit', 'revokea50now', 'revokearticle50']"
1103781,1118558949857484800,1091859261058092928,neutral,other,2019-04-17T16:56:50.000Z,"Well, @jeremycorbyn??? @UKLabour #Remain #Brexit #EUElections2019 #RevokeA50now #PeoplesVote https://t.co/yeOzjenPuY","['remain', 'euelections2019', 'brexit', 'peoplesvote', 'revokea50now']"
585960,1111936586604859392,623080092,positive,remain,2019-03-30T10:21:55.000Z,"@jessica12uk @tonys2009 @ProUKProEU @Ofcom Has #Brexit been reported IN AN UNBIASED MANNER by the #BBC? Have you got a view?

People MAY want to respond to this!

#Brexit #Remain #FINALsay #FinalSayForALL #PEOPLESvote #PutItToThePeople #STOPbrexit #RevokeArticle50 #RevokeA50 #RevokeA50Now #WATON","['remain', 'finalsay', 'revokea50now', 'bbc?', 'peoplesvote', 'revokearticle50', 'waton', 'brexit', 'revokea50', 'putittothepeople', 'stopbrexit', 'finalsayforall']"
214326,1108856190069542912,2484082155,positive,remain,2019-03-21T22:21:31.000Z,"So near to two million, signatures on this petition to #RevokeA50Now. Please sign it, and email your #Remain friends to encourage them to sign! #Brexit #environmental #Fracking https://t.co/nlNYJHqkZv","['remain', 'fracking', 'revokea50now', 'brexit', 'environmental']"
619830,1112329834875797504,2875012816,negative,other,2019-03-31T12:24:33.000Z,@Okwonga @MrNishKumar This is disgusting but I fear this may be the Britain of the future whatever the outcome of brexit. #Remain #NoBrexit #RevokeA50Now,"['remain', 'nobrexit', 'revokea50now']"
1250764,1122101474106982400,1018447499869196160,positive,remain,2019-04-27T11:33:33.000Z,"@RCorbettMEP @mikegalsworthy Bargain. Well, no - not really. But if it does mean that we finally recognise the scale of financial disaster if we ACTUALLY did Brexit, then maybe it will help turn things round. #Remain or #RevokeA50now","['remain', 'revokea50now']"
1030209,1117015308059934720,1091859261058092928,positive,remain,2019-04-13T10:42:57.000Z,"@Andrew_Adonis Sorry, but Labour clearly isn't the 'Remain an Reform party' while it's leadership is still determined to push for a customs union brexit and avoids a people's vote! #Remain #RevokeA50Now @TheIndGroup @UKLabour @jeremycorbyn","['remain', 'revokea50now']"
1173705,1120378227112009728,287199862,negative,remain,2019-04-22T17:25:59.000Z,@RCorbettMEP @LabourList @labourvsbrexit @labour4europe @HeartlandRemain @YoungLabour4FS @LabPeoplesVote @Labour4EU @Socialist_w @Younglabourint @Another_Europe You‚Äôll push for your own version of Brexit. We need a Labour Party that backs #remain &amp; will help to #revokea50now &amp; campaign to address the problems that led to this while shit show.,"['remain', 'revokea50now']"
1363083,1124276090028134400,205628153,negative,other,2019-05-03T11:34:42.000Z,@A50Challenge @NeilPollyTicks @bbclaurak It‚Äôs vital we share this analysis far and wide. We must counter this stupid interpretation regarding Brexit delivery. This was a reaction against Brexit #Remain #revokea50now,"['remain', 'revokea50now']"
1363094,1124276153034903552,205628153,negative,other,2019-05-03T11:34:57.000Z,It‚Äôs vital we share this analysis far and wide. We must counter this stupid interpretation regarding Brexit delivery. This was a reaction against Brexit #Remain #revokea50now https://t.co/NzONIAO3Ps,"['remain', 'revokea50now']"
1398514,1124668389878841344,2188046331,positive,other,2019-05-04T13:33:34.000Z,"Very eloquently put, @jeremycorbyn @theresa_may you really should read and understand #brexit is dead and will sweep your parties away until you tell the truth and support what is in the country‚Äôs best interest #Remain #RevokeA50Now https://t.co/ZpETQc59WD","['remain', 'revokea50now', 'brexit']"
361367,1110199654086520832,315776516,negative,remain,2019-03-25T15:19:58.000Z,"So this is the biggest issue of the day @jeremycorbyn ??

In fact the biggest issue of the day is a #Fascist #Brexit being promoted by a #Marxist ‚Äúso-called‚Äù Leader of the Opposition purely because #Remain wouldn‚Äôt suit his #Marxist loony #Nationalisation plans

#RevokeA50Now https://t.co/tPgJdsCmNj","['remain', 'revokea50now', 'brexit', 'marxist', 'nationalisation', 'fascist']"
213467,1108851411922632704,19227069,neutral,other,2019-03-21T22:02:32.000Z,"@jimalkhalili Whaa..!! Over 1,830,000! That's 520,000 in TWO HOURS!! 
#Petition #Brexit #Remain #RevokeA50 #RevokeA50Now","['remain', 'revokea50now', 'brexit', 'revokea50', 'petition']"
734101,1113395622261006336,886628090696388608,positive,remain,2019-04-03T10:59:36.000Z,#PMQs should be fascinating to see how #TheresaMay &amp; #Corbyn try &amp; sell us this not #Brexit or #Remain deal to today. As both sets of voters have been thoroughly sold out. #WithdrawalAgreement #SNP #PeoplesVote #Referendum #EU #Article50 #RevokeA50Now #NoDealBrexit,"['remain', 'revokea50now', 'corbyn', 'article50', 'brexit', 'peoplesvote', 'nodealbrexit', 'snp', 'referendum', 'eu', 'withdrawalagreement', 'theresamay', 'pmqs']"
574216,1111804976102170624,4222140435,negative,remain,2019-03-30T01:38:57.000Z,"There‚Äôs a lot of talk about #Remain needing to #compromise on #Brexit. As a Remainer, I‚Äôm still waiting for #Leave to agree what Leave means so they can explain what compromise I‚Äôm supposed to make. Until then, #Remain is the largest body of opinion. #StopBrexit #RevokeA50Now","['remain', 'revokea50now', 'leave', 'compromise', 'stopbrexit', 'brexit']"
607295,1112125207647604736,174822549,negative,remain,2019-03-30T22:51:26.000Z,#NigelFarage #LeaveMeansLeave #brexit #BrexitShambles #BrexitMayhem #Leave #RemainInTheEU #Remain #remainiacs #jamesobrien #PeoplesVoteNow #RevokeA50Now #NewEuropean #CakeWatch  #IanDent Look what I found in Oxfam... https://t.co/Myl8mwGrH6,"['remain', 'revokea50now', 'remainintheeu', 'leavemeansleave', 'peoplesvotenow', 'cakewatch', 'brexitmayhem', 'leave', 'remainiacs', 'jamesobrien', 'iandent', 'brexit', 'nigelfarage', 'neweuropean', 'brexitshambles']"
736585,1113406766698651648,1613614777,neutral,remain,2019-04-03T11:43:53.000Z,"The #Brexiteers are right for once! If we are headed for a soft #Brexit, we might as well #Remain in the EU... #RevokeArticle50 #RevokeA50Now https://t.co/ajCMBdobAO","['remain', 'revokea50now', 'revokearticle50', 'brexit', 'brexiteers']"
836576,1114485692627914752,99628982,positive,leave,2019-04-06T11:11:09.000Z,"Please Register to vote!
EU Citizens in the UK can vote in European Elections. In case of a long A50 extension we can make our voices heard electing Pro EU MEPs #PutItToThePeople #PeoplesVote #Remain #RevokeArticle50
#RevokeA50Now #RevokeA50 #Brexit #FBPE
https://t.co/NxGkD3sNcE","['remain', 'revokea50now', 'revokearticle50', 'brexit', 'peoplesvote', 'putittothepeople', 'revokea50', 'fbpe']"
620965,1112339177755103232,1615111236,negative,other,2019-03-31T13:01:40.000Z,"The problem with #Brexit is #Brexit
#VoteLeave committed electoral fraud, lied, were illegally funded, have been obscure &amp; obstructive.
#Remain was clear - it was the status quo - the known.
#Leave has always been an unknowable destination: multiple destinations.
#RevokeA50Now https://t.co/I55Y1dMjd2","['remain', 'revokea50now', 'voteleave', 'brexit', 'leave']"
1365557,1124288773876068352,388190563,positive,other,2019-05-03T12:25:06.000Z,@theresa_may @Conservatives How dare you state that the elections send a clear message to deliver Brexit! Votes have gone to #ProRemain parties @LibDems and @TheGreenParty sending a clear #RemainBacklash message. #revokea50now,"['remainbacklash', 'proremain', 'revokea50now']"
1362969,1124275519137169408,75862834,neutral,other,2019-05-03T11:32:26.000Z,"1 million got out on the street to march against Brexit. 

6 million signed a petition to revoke Brexit. 

Local elections resulted in a surge for parties against Brexit.

John Curtice on @BBCPolitics: ‚ÄúIt‚Äôs complicated‚Äù

#RemainBacklash #revokea50now https://t.co/SQsec3UM6Y","['remainbacklash', 'revokea50now']"
1356285,1124242950861598720,258825551,negative,remain,2019-05-03T09:23:01.000Z,"@Reuters No the message is clearly - Kill Brexit.

#StopBrexitFixBritain 
#remainernow 
#revokea50now","['remainernow', 'revokea50now', 'stopbrexitfixbritain']"
213734,1108853079888285696,15723060,negative,remain,2019-03-21T22:09:10.000Z,"@warycat @lkendallysi @NickyMorgan01 @Andrew_Adonis @Feartycat Even if PM and (too) many MPs ignore this petition - and calls for #accountability re lies and misrepresentation which led to the #Brexit vote - I will stand up for #RemainInTheEU, unity, transparency and a stronger future, together. #RevokeA50Now","['remainintheeu', 'brexit', 'revokea50now', 'accountability']"
351231,1110129827347132416,222193669,positive,other,2019-03-25T10:42:30.000Z,"Great little #poem on the #Revoke #Brexit petition (now at 5 and a half million) by @teacherwriterPJ! #RevokeA50Now  

Add your name &gt; https://t.co/ceo8dBl0nC

Follow @17mSignatures and visit https://t.co/wxaI66eYtM

@BrexitWatch @SoVeryBrexit @peoplesvote_uk @CarolineLucas https://t.co/JPm9KhKtyK","['revoke', 'brexit', 'poem', 'revokea50now']"
195339,1108733270852812800,17940734,neutral,other,2019-03-21T14:13:05.000Z,Let‚Äôs smash the one million signatures on this!  #Revoke Article 50 and remain in the EU. - Petitions #RevokeA50Now #Brexit  https://t.co/HulLsyTDC7,"['revoke', 'brexit', 'revokea50now']"
192222,1108711036306292736,49979157,positive,remain,2019-03-21T12:44:44.000Z,".@Anna_Soubry You were right, @theresa_may pretty much just said we will Brexit with or without a deal. She IS delusional.
#revokeA50
#RevokeA50Now","['revokea50', 'revokea50now']"
963896,1116229579235106816,445452143,positive,other,2019-04-11T06:40:44.000Z,"the solution is clear #RevokeA50Now and ask the brexit mongers to come back when they have an actual case for leaving

let‚Äôs lance this boil and move on https://t.co/nYNaOW3Wvq",['revokea50now']
831942,1114450324809502720,321228233,neutral,other,2019-04-06T08:50:37.000Z,@BrunoAm05317727 @Conservatives @UKLabour Both are intent on delivering a Brexit. #RevokeA50Now,['revokea50now']
698499,1113118268091445248,2971469687,positive,other,2019-04-02T16:37:30.000Z,"@derekjames150 I am more sure now than ever that my vote for Remain in 2016 was the right thing to do. No form of Brexit is better than what we have now, which is why MPs can‚Äôt agree the way forward. They are trying to agree quite what we will give up. #RevokeA50Now",['revokea50now']
606785,1112117258690748416,20835819,negative,leave,2019-03-30T22:19:51.000Z,@CER_Grant @sturdyAlex Absolutely fuck Brexit #RevokeA50Now,['revokea50now']
1070418,1117790736588660736,624978578,neutral,other,2019-04-15T14:04:13.000Z,"Mr Johnson having a young girlfriend is probably tiring you out, perhaps explaining why you forget that house you owned. So for simplicity sake, non of the  priorities you mentioned require Brexit and could be tackled quicker by #RevokeA50Now . So get some rest we all deserve it. https://t.co/LAzez7yeWb",['revokea50now']
787800,1113831600909901824,25897218,positive,leave,2019-04-04T15:52:02.000Z,This is fantastic. We could be doing things like this but instead we are stuck dealing with brexit day in and day out. Why not #RevokeA50Now and get on with making the world a better place together https://t.co/fYZ1djaOtJ,['revokea50now']
195054,1108731153563959296,1136880031,positive,remain,2019-03-21T14:04:40.000Z,"If there were any doubts before about the weight of public opinion against a no deal Brexit there can be few now with the growing strength of the Revoke Article 50 petition, rapidly approaching one million signatures and still counting.

#REVOKEA50NOW 

https://t.co/a2UBhHK6Qq",['revokea50now']
328075,1109839366703271936,2472403826,negative,remain,2019-03-24T15:28:19.000Z,"Johnson: how many times has he been dismissed/left in dubious circumstances from how many roles
IDS: possibly 2nd worst (vs May) C leader, ever.
Mogg: even why?
Davies &amp; Rabb: oh yes, both so successful at being king buck goat brexit guy.
Clown troupe.
#RevokeA50Now https://t.co/wUB89mtEfQ",['revokea50now']
459792,1111021890028662784,751177398,positive,other,2019-03-27T21:47:15.000Z,"@IanDunt @JolyonMaugham 
But wasn‚Äôt the EU‚Äôs agreement to a two week extension *conditional* on it being for the purpose of gaining parliamentary approval of the agreed WA?
And doesn‚Äôt that make a default ‚Äòno deal‚Äô Brexit on 29/3 still a possibility?
#RevokeA50Now",['revokea50now']
1999867,1132977672856985600,858261808787927040,negative,other,2019-05-27T11:51:41.000Z,"Lab is finished if they DO back Brexit, it is a proven fraud but @CressidaDick is dragging her heels in bringing a prosecution #RevokeA50Now https://t.co/bfCD2S8rsY",['revokea50now']
269378,1109384808323518464,413782399,negative,remain,2019-03-23T09:22:04.000Z,@theresa_may can you tell me why you are ignoring these sort of facts and carrying on taking the UK over the very big cliff of Brexit? It‚Äôs ok to admit you‚Äôre wrong and tell the country it‚Äôs too stupid an idea to go on! #RevokeA50Now https://t.co/D7Uf4saUg6,['revokea50now']
915109,1115606919165571072,784508396,positive,remain,2019-04-09T13:26:31.000Z,@RobDotHutton Sounds like Bill is befuddled bc he's lost Brexit. Calm down Bill life will go on regardless. #RevokeA50Now,['revokea50now']
982132,1116332310171983872,571141141,positive,remain,2019-04-11T13:28:57.000Z,"@PeterBoneUK Brexit is a busted flush, like the Tories #RevokeA50Now",['revokea50now']
179276,1108644487738388480,279089732,positive,other,2019-03-21T08:20:18.000Z,"There is *no* form of Brexit which puts economic interests before political posturing. Only revoking Article 50 does that. 
#RevokeA50Now https://t.co/sFroHUlwiQ",['revokea50now']
1756682,1130847388938096640,858646951134470144,positive,remain,2019-05-21T14:46:42.000Z,"@KateHoeyMP @Channel4News Kate, hardly @Channel4News ‚Äòs fault, given there isn‚Äôt anything positive about Brexit, eh?

#RevokeA50Now üá™üá∫üá¨üáßüá™üá∫üá¨üáßüá™üá∫üá¨üáßüá™üá∫üá¨üáßüá™üá∫",['revokea50now']
987784,1116409800949227520,822418619988582400,neutral,remain,2019-04-11T18:36:53.000Z,@brexit_politics Best outcome from this fiasco. #RevokeA50Now to reflect the will of the people in 2019 and not 2016!,['revokea50now']
193216,1108718002512580608,278910746,neutral,remain,2019-03-21T13:12:25.000Z,"Watching British politics over the last two years has been a fascinating, terrifying disaster. There are now almost a million signatures on this petition to revoke Article 50 and cancel Brexit. Go and sign: https://t.co/RXt5MS8SMk #RevokeA50Now",['revokea50now']
206013,1108797230331375616,1084905212056354816,negative,leave,2019-03-21T18:27:14.000Z,"Stop brexit! It‚Äôs not the will of the people at all, it‚Äôs was a 2% margin of error! No one wants it  #RevokeA50Now",['revokea50now']
205987,1108796984914333696,477619123,negative,remain,2019-03-21T18:26:16.000Z,"Bear in mind that the #RevokeA50Now petition is being attacked by pro Brexit activists who are giving fake names and locations.  Let's make sure we say this out loud from the start, so that no one can call foul and discredit the petition now or later.",['revokea50now']
354904,1110153796091633664,304312047,neutral,leave,2019-03-25T12:17:45.000Z,"@Northernlawyer @sturdyAlex @jon_trickett @barellba @UKLabour have lost my vote after 35 years of voting for them because Corbyn wants Brexit. The best, and most realistic option for the UK now is to Revoke Article 50. #RevokeA50Now",['revokea50now']
855490,1114822763506819072,1068589278748438400,negative,remain,2019-04-07T09:30:33.000Z,"@LeaveEUOfficial @brexitparty_uk @Conservatives It's Farrage that will have the shock as the electorate reject his lies and your misinformation.
#RevokeA50Now",['revokea50now']
645392,1112692755325747200,20777706,negative,other,2019-04-01T12:26:40.000Z,Last year those mini Lindt Easter Eggs were three for a pound. This year they‚Äôre three for 1.20. THIS DESTRUCTIVE BREXIT NONSENSE HAS ALREADY GONE TOO FAR! #RevokeA50Now,['revokea50now']
963708,1116228331735793664,126358952,neutral,other,2019-04-11T06:35:47.000Z,"BBC News - Brexit: UK and EU agree delay to 31 October https://t.co/ExYEXYhkHg Taking back control, with strong and stable government, by begging the EU for more time. Fucking shambles. #RevokeA50Now",['revokea50now']
398557,1110538979030589440,527314044,negative,other,2019-03-26T13:48:20.000Z,"Whilst MPs search for Brexit alternatives the only alternatives that do not need the Withdrawal Agreement that is unacceptable to so many is no deal, which Parliament has sensibly ruled out, or Revocation. #RevokeA50Now makes complete sense, but what has sense got to do with it?",['revokea50now']
856195,1114830191472402432,922714802480394240,negative,remain,2019-04-07T10:00:04.000Z,"@AlistairBurtUK
Brexit is YOUR responsibility.
Brexit is YOUR mess.
Do YOUR duty for the country.
YOUR party has no loyalty to YOU or the country.
#RevokeA50Now https://t.co/q1RvFNl0IT",['revokea50now']
1070585,1117793251057131520,1697751708,neutral,leave,2019-04-15T14:14:13.000Z,"If you‚Äôre tempted to smash your Dyson, take a deep breath and just remember to never buy another.

Self-harm is the Brexit way.
Remain calm.
#RevokeA50Now  https://t.co/IcH0Q4V0Wg",['revokea50now']
201218,1108773417363349504,600162472,positive,leave,2019-03-21T16:52:37.000Z,"@AndrewBowieMP If you want to protect our economy, our security &amp; union #RevokeA50Now is the way to go. Thank you for so eloquently putting the case, inadvertently for No Brexit.",['revokea50now']
211027,1108834589072592896,855500372361826304,neutral,leave,2019-03-21T20:55:41.000Z,"Sky News tell us: ""The armed forces have activated a team in a nuclear-proof bunker under the Ministry of Defence as the government prepares next Monday to enter ""very high readiness mode"" for a no-deal Brexit. 
FFS #RevokeA50Now",['revokea50now']
298983,1109569874353946624,145376908,negative,leave,2019-03-23T21:37:27.000Z,"@PeoplesMomentum @OwenJones84 The message was ‚ÄúNo Brexit‚Äù. Hard, soft, pouched, Tory, Labour, UKIP, whatever. #RevokeA50Now",['revokea50now']
1454649,1125815701560754176,1098182053,negative,remain,2019-05-07T17:32:34.000Z,"@LBC @eddiemair The Brexit party lead rests atop falsehoods that haven‚Äôt been addressed &amp; why May‚Äôs terrible deal exists... it wasn‚Äôt project fear. 
- 3rd country controls will end manufacturing, damage agriculture &amp; exports to the EU
- There would be a hard border in N.Ireland #RevokeA50Now https://t.co/T3WvZbvLGV",['revokea50now']
242174,1109112067007696896,130139565,negative,leave,2019-03-22T15:18:17.000Z,"Tune - When This Lousy War is Over -
‚ÄòWhen this lousy Brexit‚Äôs over
No more deep despair for me
Life can just return to normal 
Oh how happy we will be 
No more ranting at the telly
Social meejah full of cats
Politicians acting wisely
Not a bunch of crazy prats‚Äô 
#RevokeA50Now",['revokea50now']
296436,1109544492825227264,103896166,positive,other,2019-03-23T19:56:36.000Z,It‚Äôs been a wonderful dat screw Brexit #RevokeA50Now,['revokea50now']
362533,1110206733761372160,747187772423872512,negative,remain,2019-03-25T15:48:06.000Z,"@Independent In Parliament now:
one party vs other party spitting at each other...

No mention of near 2mln march against Brexit, 32 walking guys pro Brexit, 5.5mln signatures on #RevokeA50Now petition...

This government will be remembered for ever as bringing UK to ruin. https://t.co/CGIA5nuDOr",['revokea50now']
1143455,1119480225853788162,1109110980523581447,positive,leave,2019-04-20T05:57:39.000Z,"Wow, amazing map @ashjameslondon  thank you! I‚Äôm still holding out for #revokea50now and a 2nd referendum.. Frustrated about Nigel Farage and his Brexit part. Wanting a solid Remain party to support!!! üòÖ Wishing you well üå∏ü¶ãüôè https://t.co/Kl0cxmiqTj",['revokea50now']
329413,1109849131323920384,75862834,negative,remain,2019-03-24T16:07:07.000Z,"Remember, each time some Brexiter moans about the petition it should remind us of something far more serious, which is the criminality that skewed the Brexit referendum, the result of which is now so divisive and damaging to the country. #RevokeA50Now https://t.co/Hyu7ktAFiI",['revokea50now']
1424750,1125117941199114240,101640433,negative,other,2019-05-05T19:19:55.000Z,@theresa_may I don't want you and/or @jeremycorbyn to get Brexit over the line - #RevokeA50Now,['revokea50now']
200502,1108769721980211200,274059917,negative,remain,2019-03-21T16:37:56.000Z,"Almost 1.1million signatures on the petition to cancel Brexit. It is insane how rapidly it escalated after Theresa May's speech last night. It's not that we don't want Brexit, we just don't have faith in the selfish idiots trying to deliver it. #RevokeA50Now",['revokea50now']
752675,1113525527183335424,2849876151,negative,leave,2019-04-03T19:35:48.000Z,Agree. We do not want to be in in this Brexit prison. #RevokeA50Now https://t.co/ooTLkSCtHm,['revokea50now']
197487,1108749223699329024,82096846,neutral,other,2019-03-21T15:16:29.000Z,"Totally for this 1,017,380 signatures so far, it needs 100,000 to be debated in parliament. Something tells me Brexit is off! #RevokeA50Now",['revokea50now']
352285,1110136433396858880,34656504,positive,remain,2019-03-25T11:08:45.000Z,The Brexit dividend will clearly be job losses. LoL. #RevokeA50Now https://t.co/dzPXHJSscL,['revokea50now']
778250,1113765838526586880,2272185878,negative,leave,2019-04-04T11:30:43.000Z,"@WCullmac No. 
I hate loathe and despise Brexit. I will NEVER back it. 
#RevokeA50Now",['revokea50now']
1275892,1122582165768818688,571141141,negative,other,2019-04-28T19:23:39.000Z,"@JamesCleverly James, Brexit is dying on its Tory arse! #revokea50now",['revokea50now']
221060,1108973299869143040,2494349095,negative,other,2019-03-22T06:06:53.000Z,"#RevokeA50Now The petition stands at over 2.2mill at 6am this morning!  It‚Äôs time for the government to admit that Brexit has failed, it can‚Äôt be done, and for Parliament to Revoke Article 50.",['revokea50now']
839336,1114512734043934720,627614919,positive,other,2019-04-06T12:58:37.000Z,"@JudithCummins Good to see you supporting our teachers, Judith, but I do feel that there would have been billions ¬£¬£¬£s available to our services had Article 50 not been triggered. Brexit as already cost us far, far too much. #RevokeA50Now",['revokea50now']
381379,1110405429455130624,41539674,negative,remain,2019-03-26T04:57:39.000Z,"@TomTugendhat @AlistairBurtUK @foreignoffice Brexit and your ineffectual leader, @theresa_may are destroying not only the @Conservatives but also, our country. When will she wake up and smell the coffee? #RevokeA50Now",['revokea50now']
202039,1108777559230238720,271413771,neutral,other,2019-03-21T17:09:04.000Z,"One million have signed this Brexit petition, but could it work? #RevokeA50Now https://t.co/o2I1b2ww0r",['revokea50now']
176521,1108628132427452416,147698715,positive,remain,2019-03-21T07:15:18.000Z,@R0JE_ @JackieLeotardi @lisanandy @EmilyThornberry You are from Warrington Jackie so what‚Äôs Wigan got to do with you? The growth surge is definitely in Remain. Leave are withering on the vine and the only people left are the noisy few who can‚Äôt even agree what you type of Brexit you want. Brexit is a shambles. #RevokeA50Now,['revokea50now']
1128238,1119055727140704256,167781268,negative,other,2019-04-19T01:50:51.000Z,"If we Brexit, and leave N Ireland in flames, sanctions will be the LEAST of our worries. #revokea50now",['revokea50now']
188247,1108682972784410624,830182436508147712,negative,leave,2019-03-21T10:53:13.000Z,"Once the dust settles on Brexit their has to be a full and independent investigation into how this happened and heads must roll and jail time must be given to the criminals behind Brexit. People must not be allowed to walk away from the mess they've made! 

#RevokeA50Now",['revokea50now']
1921263,1132561307503386624,858261808787927040,positive,other,2019-05-26T08:17:12.000Z,@jeremycorbyn Happy Birthday. My gift is advice... since Brexit Ref Leave was Russian funded &amp; riddled with stolen FB targeted lies please adopt #RevokeA50Now policy.,['revokea50now']
882467,1115187098259214336,40740443,positive,other,2019-04-08T09:38:18.000Z,A man who charges taxpayer 13p for travel expenses has no place on @SkyNews lecturing us about brexit - trotting out benefits of leaving EU as a list of things we already enjoy &amp; do!! Brexit is a coup! https://t.co/NwKxUMr2mZ #RevokeA50Now,['revokea50now']
190429,1108698340823367680,891083813123756032,negative,remain,2019-03-21T11:54:17.000Z,"#RevokeA50Now might be the only solution to shut these idiots up... When I wanted Brexit, I wanted an instantaneous process, not this shit. 

I don‚Äôt want that communist Corbyn into power, but I also don‚Äôt want that Harlot May in. 

Remove both Party Leaders from position.",['revokea50now']
209447,1108823962769940480,969563234322837632,negative,leave,2019-03-21T20:13:28.000Z,"Petition is back up and running, if you're tired of brexit let's #RevokeA50Now https://t.co/3HWheX0nYM",['revokea50now']
252096,1109173422062489600,1399209308,negative,other,2019-03-22T19:22:05.000Z,"@10DowningStreet There‚Äôs no clear majority now for Brexit by all extensive studies..Theresa May, YOU are an enemy of true democracy &amp; not acting on  behalf of the will of the people but from your own protected arrogant bubble of self interest. 90% say Brexit is a national disaster! #RevokeA50Now",['revokea50now']
636879,1112633124201078784,90146161,neutral,leave,2019-04-01T08:29:43.000Z,"@Andrew_Adonis @JamesGarry7 @Andrew_Adonis Britain politically has been on an 'orange' light for the last 40 years, Brexit would be the realisation of those extreme views that swamped Europe (and the rest of the World) in the 1930s and 1940s - and still the extremities wag the 'Body Politic'.

#RevokeA50Now https://t.co/YvRxv5grLL",['revokea50now']
202032,1108777530067222528,2777067597,negative,other,2019-03-21T17:08:57.000Z,@10DowningStreet You don't speak for me. We don't want any Brexit especially not your mismanaged one #RevokeA50Now,['revokea50now']
577412,1111891465637191680,471339219,negative,other,2019-03-30T07:22:38.000Z,@nicholaswatt @OjazzO The Union is everything. How can you have Brexit when at least 2 of the countries do not want to leave and are willing to devolve because of it? #RevokeA50Now,['revokea50now']
918167,1115646924135247872,154058892,negative,other,2019-04-09T16:05:29.000Z,"@andrew_lilico Is not being tired any more our definition of Brexit success, now? Are you tired from holding all the cards, and doing all those easy trade deals? Poor diddums. Why not have a nap, and let the adults sort out your mess. #RevokeA50Now",['revokea50now']
951576,1116088996973690880,1109731414478647296,negative,remain,2019-04-10T21:22:07.000Z,@migsfrancisco @ecossetranslate @HomeOfficeUK @DExEUgov @the3million @Otto_English @donnyc1975 @youngvulgarian I honestly believe they are not organised enough to make it hard for you to stay. If we‚Äôve learned anything from Brexit it is that the government is incompetent in almost every way. #RevokeA50Now,['revokea50now']
257996,1109210586888486912,244197384,negative,other,2019-03-22T21:49:46.000Z,@BBCNews Enough is enough. You must stop spreading lies disguised as innuendos. Your pro-Brexit bias is intolerable. I refuse to pay a TV license to fund the Brexit Broadcasting Corporation #RevokeA50Now,['revokea50now']
199103,1108761385691987968,114242164,positive,remain,2019-03-21T16:04:48.000Z,"29,000,000 people didn‚Äôt vote for brexit, people like May need to stop talking as though she‚Äôs speaking for the majority. #RevokeA50Now",['revokea50now']
218984,1108893059549405184,29103620,negative,other,2019-03-22T00:48:02.000Z,"Your lies have been more than exposed , vote leave, time to understand the penury for ALL under any BREXIT..and #RevokeA50Now sign the petition before it crashes yet AGAIN! @peoplesvote_uk @jeremycorbyn @HackneyAbbott @EmilyThornberry @johnmcdonnellMP 
@Jacob_Rees_Mogg https://t.co/1pgZCqi2uu",['revokea50now']
